BIN,HOUSE_NUMBER,STREET_NAME,ZIP,COMM_DISTRICT,BOROUGH,HPD_VIOLATIONS,DOB_VIOLATIONS,TOTAL_VIOLATIONS,DWELLING_UNITS,VIO_UNITS_RATIO,LATITUDE_POINT_Y,LONGITUDE_POINT_X
1001461,20,WARREN STREET,10007,101,Manhattan,17,5,22,4,6.0,40.7142906,-74.0076828
1001490,160,CHAMBERS STREET,10007,101,Manhattan,12,0,12,4,3.0,40.7158089,-74.0103683
1001511,13,HUDSON STREET,10013,101,Manhattan,9,3,12,4,3.0,40.7164612,-74.0093918
1001586,111,READE STREET,10013,101,Manhattan,0,18,18,4,5.0,40.7157516,-74.0086975
1003097,189,HESTER STREET,10013,102,Manhattan,3,23,26,8,3.0,40.7182312,-73.9976425
1003500,54,EAST BROADWAY,10002,103,Manhattan,46,13,59,8,7.0,40.71381,-73.9955063
1003535,105,EAST BROADWAY,10002,103,Manhattan,43,0,43,3,14.0,40.7136002,-73.9930878
1003708,217,HENRY STREET,10002,103,Manhattan,17,2,19,6,3.0,40.713871,-73.9866486
1004117,175,STANTON STREET,10002,103,Manhattan,49,0,49,8,6.0,40.7199593,-73.9842834
1004360,298,EAST 3 STREET,10009,103,Manhattan,112,0,112,9,12.0,40.7210007,-73.9796066
1004440,738,EAST 6 STREET,10009,103,Manhattan,33,0,33,11,3.0,40.7227287,-73.9779434
1004567,9,AVENUE B,10009,103,Manhattan,26,0,26,8,3.0,40.7216797,-73.9833908
1004610,37,AVENUE B,10009,103,Manhattan,27,0,27,6,5.0,40.7226906,-73.9826279
1005467,286,BROOME STREET,10002,103,Manhattan,34,3,37,8,5.0,40.718689,-73.9913788
1005581,276,GRAND STREET,10002,103,Manhattan,5,18,23,6,4.0,40.718029,-73.9926682
1005585,120,FORSYTH STREET,10002,103,Manhattan,57,0,57,18,3.0,40.7191811,-73.9921265
1005814,91,EAST    7 STREET,10009,103,Manhattan,11,2,13,4,3.0,40.7269707,-73.9854431
1005896,158,1 AVENUE,10009,103,Manhattan,29,7,36,11,3.0,40.7284393,-73.9843063
1005898,162,1 AVENUE,10009,103,Manhattan,30,4,34,6,6.0,40.7285805,-73.9842834
1005931,170,1 AVENUE,10009,103,Manhattan,50,5,55,13,4.0,40.72892,-73.9839478
1005994,444,EAST 13 STREET,10009,103,Manhattan,58,0,58,15,4.0,40.7297401,-73.9814835
1006021,219,AVENUE A,10009,103,Manhattan,60,60,120,11,11.0,40.7301903,-73.9808578
1006074,43,EAST 1 STREET,10003,103,Manhattan,34,11,45,10,5.0,40.7237282,-73.9900436
1006383,79,ST MARKS PLACE,10003,103,Manhattan,37,0,37,10,4.0,40.72789,-73.9855576
1006455,163,1 AVENUE,10003,103,Manhattan,54,0,54,4,14.0,40.7290115,-73.9846878
1006498,351,EAST   12 STREET,10003,103,Manhattan,5,6,11,3,4.0,40.7302208,-73.9837265
1006515,324,EAST   14 STREET,10003,103,Manhattan,2,45,47,15,3.0,40.7316704,-73.9840927
1006573,84,EAST    4 STREET,10003,103,Manhattan,16,1,17,4,4.0,40.7262001,-73.9897537
1006581,216,EAST 5 STREET,10003,103,Manhattan,44,4,48,12,4.0,40.7271996,-73.9905014
1006594,75,2 AVENUE,10003,103,Manhattan,0,41,41,4,10.0,40.7265892,-73.9895401
1006677,131,   2 AVENUE,10003,103,Manhattan,63,2,65,20,3.0,40.728611,-73.9880676
1006746,141,2 AVENUE,10003,103,Manhattan,60,6,66,20,3.0,40.7291794,-73.9876022
1006984,375,BROOME STREET,10013,102,Manhattan,73,0,73,23,3.0,40.7200508,-73.9964066
1007074,62,GRAND STREET,10013,102,Manhattan,16,1,17,3,6.0,40.7223701,-74.0032578
1007254,442,BROOME STREET,10013,102,Manhattan,37,0,37,8,5.0,40.7220306,-74.0000534
1007496,231,MOTT STREET,10012,102,Manhattan,41,0,41,9,5.0,40.722641,-73.9953384
1008183,296,MOTT STREET,10012,102,Manhattan,107,18,125,48,3.0,40.7248802,-73.9938507
1008199,4,BLEECKER STREET,10012,102,Manhattan,17,8,25,5,5.0,40.7252312,-73.9927063
1009446,43,WEST 8 STREET,10011,102,Manhattan,26,6,32,7,5.0,40.7333107,-73.9983063
1009447,49,W 8TH ST,10011,102,Manhattan,21,0,21,6,4.0,40.7334099,-73.9985275
1010282,14,GAY STREET,10014,102,Manhattan,24,6,30,7,4.0,40.7336502,-74.0005569
1011161,200,WEST 10 STREET,10014,102,Manhattan,15,2,17,4,4.0,40.7339211,-74.0038071
1011318,63,PERRY STREET,10014,102,Manhattan,82,0,82,25,3.0,40.7356491,-74.0039215
1012162,69,HORATIO STREET,10014,102,Manhattan,24,0,24,4,6.0,40.7389412,-74.007019
1012805,406,WEST 25 STREET,10001,104,Manhattan,82,2,84,21,4.0,40.7478104,-74.0010529
1012878,452,WEST 36 STREET,10018,104,Manhattan,87,2,89,20,4.0,40.7554398,-73.997757
1013271,312,WEST 21 STREET,10011,104,Manhattan,33,0,33,11,3.0,40.7441788,-74.0003891
1013653,352,WEST 39 STREET,10018,104,Manhattan,15,0,15,3,5.0,40.7561798,-73.9936981
1013980,152,7 AVENUE,10011,104,Manhattan,22,0,22,6,4.0,40.7418594,-73.9976501
1014113,229,WEST 22 STREET,10011,104,Manhattan,78,0,78,8,10.0,40.7439995,-73.9969025
1014295,208,WEST 30 STREET,10001,105,Manhattan,84,35,119,6,20.0,40.7485695,-73.993248
1014333,404,8 AVENUE,10001,105,Manhattan,33,7,40,12,3.0,40.7496986,-73.9948807
1015015,763,6 AVENUE,10010,104,Manhattan,10,0,10,3,3.0,40.7445793,-73.9919128
1015064,145,WEST 27 STREET,10001,105,Manhattan,60,4,64,10,6.0,40.7464104,-73.9927063
1015092,136,WEST 28 STREET,10001,105,Manhattan,120,4,124,22,6.0,40.746521,-73.9922333
1015810,23,WEST 31 STREET,10001,105,Manhattan,19,1,20,4,5.0,40.7472687,-73.9871063
1016986,15,EAST 31 STREET,10016,105,Manhattan,53,0,53,3,18.0,40.7462883,-73.9848022
1017102,51,EAST 34 STREET,10016,106,Manhattan,28,1,29,7,4.0,40.7476692,-73.9820023
1018333,174,LEXINGTON AVENUE,10016,105,Manhattan,18,0,18,6,3.0,40.7444,-73.9814682
1025018,334,WEST 46 STREET,10036,104,Manhattan,31,0,31,3,10.0,40.7601509,-73.9893799
1025065,330,WEST   47 STREET,10036,104,Manhattan,17,0,17,5,3.0,40.7608795,-73.9891663
1025089,343,WEST 47 STREET,10036,104,Manhattan,0,19,19,4,5.0,40.7613792,-73.9891968
1026424,438,WEST 45 STREET,10036,104,Manhattan,76,0,76,17,4.0,40.76091,-73.9931488
1026425,440,WEST 45 STREET,10036,104,Manhattan,89,0,89,17,5.0,40.7609482,-73.9932327
1026602,703,9 AVENUE,10019,104,Manhattan,61,0,61,17,4.0,40.7625313,-73.9900513
1026618,432,WEST   49 STREET,10019,104,Manhattan,55,0,55,10,6.0,40.7632904,-73.9909973
1030532,268,WEST 73 STREET,10023,107,Manhattan,42,5,47,10,5.0,40.7800407,-73.9835129
1031538,24,WEST 89 STREET,10024,107,Manhattan,30,16,46,8,6.0,40.7874107,-73.9689407
1031551,53,WEST 89 STREET,10024,107,Manhattan,33,11,44,10,4.0,40.7881699,-73.9695892
1032069,460,COLUMBUS AVENUE,10024,107,Manhattan,10,0,10,3,3.0,40.7840996,-73.9742203
1032121,158,WEST   84 STREET,10024,107,Manhattan,73,0,73,20,4.0,40.7859306,-73.9755402
1033649,698,AMSTERDAM AVENUE,10025,107,Manhattan,95,1,96,13,7.0,40.7927094,-73.9717636
1033650,200,WEST 94 STREET,10025,107,Manhattan,71,4,75,13,6.0,40.7927818,-73.9717026
1036167,696,3 AVENUE,10017,106,Manhattan,0,16,16,5,3.0,40.7519798,-73.9739304
1038231,245,EAST 49 STREET,10017,106,Manhattan,0,10,10,3,3.0,40.7546883,-73.9694519
1038476,981,2 AVENUE,10022,106,Manhattan,75,21,96,5,19.0,40.7561493,-73.9679413
1039805,340,EAST 53 STREET,10022,106,Manhattan,45,0,45,15,3.0,40.7558784,-73.965683
1044110,1481,2 AVENUE,10075,108,Manhattan,101,9,110,12,9.0,40.7723694,-73.9561386
1045161,1460,2 AVENUE,10075,108,Manhattan,48,0,48,6,8.0,40.7714882,-73.9560165
1045225,1496,2 AVENUE,10075,108,Manhattan,36,1,37,8,5.0,40.7724419,-73.9553528
1046666,23,EAST 81 STREET,10028,108,Manhattan,51,0,51,8,6.0,40.778019,-73.9614868
1048057,1566,   3 AVENUE,10128,108,Manhattan,51,5,56,8,7.0,40.7801514,-73.9533768
1048093,168,EAST   89 STREET,10128,108,Manhattan,33,0,33,4,8.0,40.7808189,-73.9533005
1048391,179,EAST   93 STREET,10128,108,Manhattan,57,1,58,16,4.0,40.7837906,-73.9514084
1048684,203,EAST 82 STREET,10028,108,Manhattan,17,2,19,5,4.0,40.7762108,-73.9552917
1048874,201,EAST 89 STREET,10128,108,Manhattan,24,18,42,14,3.0,40.7807083,-73.952179
1049236,210,EAST 95 STREET,10128,108,Manhattan,62,0,62,15,4.0,40.7840004,-73.9492035
1049865,300,EAST 82 STREET,10028,108,Manhattan,7,12,19,6,3.0,40.7751007,-73.9534531
1049952,1626,2 AVENUE,10028,108,Manhattan,44,3,47,8,6.0,40.7766113,-73.9523087
1051642,69,EAST 115 STREET,10029,111,Manhattan,32,0,32,10,3.0,40.7991486,-73.9443665
1051659,10,EAST 116 STREET,10029,111,Manhattan,31,1,32,10,3.0,40.8001289,-73.9459305
1051803,197,EAST 100 STREET,10029,111,Manhattan,42,0,42,8,5.0,40.7879791,-73.9477005
1051972,168,EAST 105 STREET,10029,111,Manhattan,27,0,27,4,7.0,40.7910194,-73.9460526
1052115,1970,3 AVENUE,10029,111,Manhattan,12,13,25,8,3.0,40.7932281,-73.9438705
1052200,160,EAST 111 STREET,10029,111,Manhattan,18,0,18,4,5.0,40.7950706,-73.9436569
1052247,171,EAST 115 STREET,10029,111,Manhattan,82,0,82,8,10.0,40.7977791,-73.9412003
1052262,1863,LEXINGTON AVENUE,10029,111,Manhattan,45,3,48,12,4.0,40.7983208,-73.9416428
1052270,112,EAST  116 STREET,10029,111,Manhattan,45,0,45,10,5.0,40.7987595,-73.9426804
1052271,110,EAST  116 STREET,10029,111,Manhattan,45,0,45,11,4.0,40.7988014,-73.9427567
1052463,245,EAST 110 STREET,10029,111,Manhattan,145,1,146,30,5.0,40.7936211,-73.9410172
1052467,2145,   2 AVENUE,10029,111,Manhattan,2,42,44,8,6.0,40.7935219,-73.9406662
1052837,2121,1 AVENUE,10029,111,Manhattan,39,2,41,6,7.0,40.7917709,-73.938858
1052924,322,EAST 116 STREET,10029,111,Manhattan,35,0,35,3,12.0,40.7963219,-73.9368896
1052934,305,EAST 115 STREET,10029,111,Manhattan,24,0,24,6,4.0,40.7963295,-73.9376907
1053009,417,EAST 114 STREET,10029,111,Manhattan,27,0,27,8,3.0,40.7945213,-73.9353333
1053056,432,EAST 116 STREET,10029,111,Manhattan,68,1,69,11,6.0,40.7952614,-73.9343796
1053109,413,EAST 117 STREET,10035,111,Manhattan,37,0,37,10,4.0,40.7966003,-73.9341202
1053183,69,WEST  118 STREET,10026,110,Manhattan,34,6,40,10,4.0,40.8030891,-73.9475784
1053292,81,WEST 119 STREET,10026,110,Manhattan,39,0,39,10,4.0,40.8038101,-73.9473114
1053388,242,LENOX AVENUE,10027,110,Manhattan,48,6,54,15,4.0,40.8058281,-73.9464035
1053639,2074,5 AVENUE,10035,110,Manhattan,26,0,26,4,7.0,40.8083,-73.9412537
1053715,33,WEST 128 STREET,10027,110,Manhattan,0,28,28,7,4.0,40.8090782,-73.9420395
1053769,73,WEST 130 STREET,10037,110,Manhattan,37,0,37,9,4.0,40.8108711,-73.9427185
1054016,14,EAST 125 STREET,10035,111,Manhattan,17,2,19,6,3.0,40.8058395,-73.9416428
1054095,51,EAST 126 STREET,10035,111,Manhattan,11,12,23,7,3.0,40.8062592,-73.939209
1054178,2024,MADISON AVENUE,10035,111,Manhattan,15,0,15,3,5.0,40.8079414,-73.9393463
1054207,2081,5 AVENUE,10035,111,Manhattan,53,3,56,5,11.0,40.8084183,-73.9404297
1054246,2056,MADISON AVENUE,10035,111,Manhattan,15,0,15,3,5.0,40.8089104,-73.9386368
1054296,64,EAST 131 STREET,10037,111,Manhattan,14,1,15,4,4.0,40.808979,-73.9371567
1054342,2153,5 AVENUE,10037,111,Manhattan,72,0,72,10,7.0,40.810421,-73.9389496
1054348,1901,LEXINGTON AVENUE,10035,111,Manhattan,66,1,67,16,4.0,40.8000488,-73.9403534
1054366,121,EAST 119 STREET,10035,111,Manhattan,33,1,34,9,4.0,40.8010597,-73.9408035
1054531,2311,   2 AVENUE,10035,111,Manhattan,35,0,35,8,4.0,40.7987785,-73.9368362
1054533,2315,2 AVENUE,10035,111,Manhattan,32,2,34,9,4.0,40.7989006,-73.9367523
1054710,329,EAST 118 STREET,10035,111,Manhattan,66,1,67,4,17.0,40.7979507,-73.9353867
1054738,311,EAST  119 STREET,10035,111,Manhattan,1,13,14,4,4.0,40.7988701,-73.9356232
1054758,348,EAST 120 STREET,10035,111,Manhattan,40,0,40,10,4.0,40.7985916,-73.9341965
1054846,2310,   1 AVENUE,10035,111,Manhattan,40,0,40,8,5.0,40.7975311,-73.9338989
1054858,406,EAST  119 STREET,10035,111,Manhattan,64,0,64,10,6.0,40.7976303,-73.9336777
1055020,102,WEST 114 STREET,10026,110,Manhattan,22,0,22,5,4.0,40.8007393,-73.9512787
1055052,120,WEST 116 STREET,10026,110,Manhattan,95,11,106,39,3.0,40.8023109,-73.9511185
1055057,1917,7 AVENUE,10026,110,Manhattan,99,6,105,31,3.0,40.8028603,-73.9522781
1055291,8,MANHATTAN AVENUE,10025,107,Manhattan,68,0,68,19,4.0,40.7949905,-73.9637985
1055820,312,WEST  114 STREET,10026,110,Manhattan,82,3,85,25,3.0,40.8033295,-73.9574127
1055821,320,MANHATTAN AVENUE,10026,110,Manhattan,163,0,163,54,3.0,40.803421,-73.9576416
1055825,344,MANHATTAN AVENUE,10026,110,Manhattan,30,0,30,10,3.0,40.8038902,-73.9572983
1055934,105,WEST 105 STREET,10025,107,Manhattan,30,0,30,10,3.0,40.7989693,-73.9637375
1056065,256,WEST 97 STREET,10025,107,Manhattan,0,194,194,93,2.0,40.7955093,-73.9723129
1057492,101,WEST 118 STREET,10026,110,Manhattan,48,0,48,13,4.0,40.8036003,-73.9490433
1057558,191,LENOX AVENUE,10026,110,Manhattan,13,0,13,4,3.0,40.804451,-73.9483871
1057560,197,LENOX AVENUE,10026,110,Manhattan,131,1,132,10,13.0,40.8045883,-73.948288
1057675,2021,7 AVENUE,10027,110,Manhattan,32,0,32,9,4.0,40.8063507,-73.9497528
1057803,144,WEST  124 STREET,10027,110,Manhattan,49,0,49,9,5.0,40.807621,-73.9478073
1057959,136,WEST 129 STREET,10027,110,Manhattan,23,0,23,4,6.0,40.8107414,-73.9452209
1058118,162,WEST 132 STREET,10027,110,Manhattan,180,17,197,12,16.0,40.8128586,-73.944458
1058137,160,WEST 132 STREET,10027,110,Manhattan,25,0,25,8,3.0,40.8128395,-73.944397
1058263,185,WEST 135 STREET,10030,110,Manhattan,22,0,22,5,4.0,40.8152885,-73.9429398
1058291,158,WEST 136 STREET,10030,110,Manhattan,52,0,52,10,5.0,40.8154106,-73.9424515
1058338,102,WEST  137 STREET,10030,110,Manhattan,19,1,20,6,3.0,40.8154297,-73.9405594
1058370,243,WEST 116 STREET,10026,110,Manhattan,58,0,58,15,4.0,40.8042984,-73.9543533
1058408,2190,8 AVENUE,10026,110,Manhattan,25,0,25,8,3.0,40.8057098,-73.954071
1058415,273,WEST 118 STREET,10026,110,Manhattan,39,0,39,10,4.0,40.8055992,-73.9535294
1058427,200,WEST 119 STREET,10026,110,Manhattan,82,4,86,9,10.0,40.8052216,-73.9515762
1058448,1976,7 AVENUE,10026,110,Manhattan,73,14,87,41,2.0,40.8055115,-73.9513702
1058485,208,ST NICHOLAS AVENUE,10027,110,Manhattan,103,9,112,17,7.0,40.8072014,-73.9526367
1058515,2034,7 AVENUE,10027,110,Manhattan,247,9,256,57,4.0,40.8070107,-73.9502563
1058527,234,WEST 122 STREET,10027,110,Manhattan,52,0,52,14,4.0,40.8075294,-73.9514999
1058552,255,WEST 122 STREET,10027,110,Manhattan,34,0,34,10,3.0,40.8079987,-73.9514465
1058759,268,WEST 132 STREET,10027,110,Manhattan,49,0,49,7,7.0,40.8140984,-73.9473801
1058886,213,WEST  135 STREET,10030,110,Manhattan,43,4,47,11,4.0,40.8159599,-73.944519
1058888,209,WEST 135 STREET,10030,110,Manhattan,11,10,21,5,4.0,40.8158913,-73.9443588
1059007,385,MANHATTAN AVENUE,10026,110,Manhattan,30,0,30,3,10.0,40.8052597,-73.9569168
1059163,63,MORNINGSIDE AVENUE,10027,110,Manhattan,150,34,184,10,18.0,40.8083992,-73.9557724
1059358,366,WEST 127 STREET,10027,109,Manhattan,37,0,37,8,5.0,40.812191,-73.9525375
1059363,376,WEST 127 STREET,10027,109,Manhattan,47,1,48,10,5.0,40.8124809,-73.9529495
1059437,436,ST NICHOLAS AVENUE,10027,110,Manhattan,30,0,30,10,3.0,40.8148003,-73.9486771
1059459,488,ST NICHOLAS AVENUE,10030,110,Manhattan,55,0,55,15,4.0,40.8166504,-73.9478607
1059634,1473,AMSTERDAM AVENUE,10027,109,Manhattan,40,0,40,4,10.0,40.8172684,-73.9530792
1059703,504,WEST 126 STREET,10027,109,Manhattan,72,0,72,18,4.0,40.814209,-73.956131
1059792,509,WEST 135 STREET,10031,109,Manhattan,67,1,68,15,5.0,40.8194695,-73.9528503
1059968,620,WEST 137 STREET,10031,109,Manhattan,97,1,98,25,4.0,40.8218193,-73.9557114
1059970,590,RIVERSIDE DRIVE,10031,109,Manhattan,82,2,84,40,2.0,40.8217201,-73.9562531
1060076,160,WEST 141 STREET,10030,110,Manhattan,71,1,72,14,5.0,40.8184319,-73.939949
1060085,137,WEST 141 STREET,10030,110,Manhattan,179,1,180,49,4.0,40.8189697,-73.9400482
1060086,127,WEST 141 STREET,10030,110,Manhattan,120,0,120,49,2.0,40.8188095,-73.9396515
1060186,133,WEST 145 STREET,10039,110,Manhattan,124,32,156,29,5.0,40.8211708,-73.9372406
1060377,210,WEST 140 STREET,10030,110,Manhattan,128,0,128,18,7.0,40.8187408,-73.942627
1060408,215,WEST  140 STREET,10030,110,Manhattan,54,0,54,15,4.0,40.8191414,-73.9423828
1060506,201,WEST  146 STREET,10039,110,Manhattan,42,0,42,12,4.0,40.8225594,-73.9388885
1060510,2530,7 AVENUE,10039,110,Manhattan,92,0,92,9,10.0,40.8227997,-73.9387207
1060536,2546,   7 AVENUE,10039,110,Manhattan,61,0,61,17,4.0,40.82341,-73.9382935
1060574,220,WEST 149 STREET,10039,110,Manhattan,80,0,80,24,3.0,40.8245392,-73.938652
1060674,306,WEST 139 STREET,10030,110,Manhattan,14,0,14,3,5.0,40.8190804,-73.9453583
1060752,300,WEST 142 STREET,10030,110,Manhattan,45,0,45,13,3.0,40.8209496,-73.9437027
1060854,301,WEST 150 STREET,10039,110,Manhattan,100,12,112,44,3.0,40.8263283,-73.9397964
1060864,2843,8 AVENUE,10039,110,Manhattan,30,0,30,9,3.0,40.8270912,-73.9391937
1060875,2853,8 AVENUE,10039,110,Manhattan,125,4,129,49,3.0,40.8277893,-73.9388428
1060895,301,WEST 154 STREET,10039,110,Manhattan,48,0,48,15,3.0,40.8287201,-73.9380188
1060996,45,HAMILTON TERRACE,10031,109,Manhattan,58,0,58,9,6.0,40.8227615,-73.9461899
1061169,375,EDGECOMBE AVENUE,10031,109,Manhattan,46,2,48,16,3.0,40.8280716,-73.940979
1061188,76,ST NICHOLAS PLACE,10032,109,Manhattan,129,29,158,31,5.0,40.8293915,-73.9404373
1061189,66,ST NICHOLAS PLACE,10032,109,Manhattan,187,19,206,85,2.0,40.8291206,-73.9406433
1061246,1661,AMSTERDAM AVENUE,10031,109,Manhattan,40,110,150,8,19.0,40.8234215,-73.9486771
1061253,310,CONVENT AVENUE,10031,109,Manhattan,113,5,118,36,3.0,40.8232918,-73.9476166
1061295,468,WEST 144 STREET,10031,109,Manhattan,92,12,104,11,9.0,40.8241806,-73.9477921
1061298,474,WEST 144 STREET,10031,109,Manhattan,55,0,55,10,6.0,40.8242493,-73.9479523
1061341,475,WEST 145 STREET,10031,109,Manhattan,74,2,76,20,4.0,40.8250504,-73.9464417
1061352,717,ST NICHOLAS AVENUE,10031,109,Manhattan,27,0,27,9,3.0,40.8246384,-73.9447327
1061492,453,WEST 148 STREET,10031,109,Manhattan,46,0,46,8,6.0,40.8269196,-73.9450684
1061584,400,WEST 151 STREET,10031,109,Manhattan,47,1,48,10,5.0,40.8280487,-73.9428635
1061586,471,CONVENT AVENUE,10031,109,Manhattan,16,1,17,3,6.0,40.8280602,-73.9432373
1061764,509,WEST 140 STREET,10031,109,Manhattan,64,0,64,15,4.0,40.8226013,-73.9505997
1061775,572,WEST 141 STREET,10031,109,Manhattan,96,5,101,24,4.0,40.8234711,-73.9519119
1061859,115,HAMILTON PLACE,10031,109,Manhattan,92,10,102,26,4.0,40.8236313,-73.9491806
1061905,533,WEST 144 STREET,10031,109,Manhattan,18,2,20,5,4.0,40.8252716,-73.9492035
1061930,533,WEST 145 STREET,10031,109,Manhattan,70,0,70,15,5.0,40.8262405,-73.9492722
1061931,531,WEST 145 STREET,10031,109,Manhattan,102,0,102,13,8.0,40.8261986,-73.949173
1061969,555,WEST 147 STREET,10031,109,Manhattan,125,5,130,43,3.0,40.8277397,-73.9489288
1061978,515,WEST 147 STREET,10031,109,Manhattan,83,1,84,21,4.0,40.8271484,-73.9475479
1062022,535,WEST 148 STREET,10031,109,Manhattan,31,0,31,9,3.0,40.8279305,-73.9474869
1062119,556,WEST 150 STREET,10031,109,Manhattan,35,0,35,8,4.0,40.8289604,-73.9472122
1062172,521,WEST 150 STREET,10031,109,Manhattan,199,1,200,10,20.0,40.8290215,-73.9461899
1062173,515,WEST 150 STREET,10031,109,Manhattan,83,1,84,8,11.0,40.8289604,-73.9460297
1062318,613,WEST 140 STREET,10031,109,Manhattan,198,8,206,47,4.0,40.8239098,-73.953743
1062353,627,WEST 142 STREET,10031,109,Manhattan,52,0,52,8,7.0,40.8252296,-73.9529877
1062535,471,WEST 159 STREET,10032,112,Manhattan,50,0,50,11,5.0,40.8337898,-73.9399796
1062599,425,WEST 162 STREET,10032,112,Manhattan,142,0,142,10,14.0,40.8353691,-73.9381714
1062647,470,WEST 166 STREET,10032,112,Manhattan,104,21,125,21,6.0,40.8382301,-73.9377136
1062752,538,WEST 159 STREET,10032,112,Manhattan,52,1,53,10,5.0,40.8346405,-73.9429626
1062754,534,WEST 159 STREET,10032,112,Manhattan,107,0,107,20,5.0,40.8345718,-73.9428024
1062756,530,WEST 159 STREET,10032,112,Manhattan,49,1,50,10,5.0,40.8344994,-73.9426422
1062932,546,WEST 165 STREET,10032,112,Manhattan,69,0,69,6,12.0,40.8385315,-73.9405136
1063043,551,WEST 170 STREET,10032,112,Manhattan,179,28,207,44,5.0,40.8420105,-73.9376068
1063147,527,WEST  173 STREET,10032,112,Manhattan,9,0,9,3,3.0,40.8435593,-73.9355164
1063171,2304,AMSTERDAM AVENUE,10033,112,Manhattan,86,0,86,19,5.0,40.8439484,-73.9343414
1063235,1356,ST NICHOLAS AVENUE,10033,112,Manhattan,44,0,44,13,3.0,40.8470802,-73.9349594
1063319,638,WEST 160 STREET,10032,112,Manhattan,88,6,94,43,2.0,40.8365402,-73.945549
1063386,238,FT WASHINGTON AVENUE,10032,112,Manhattan,101,9,110,42,3.0,40.843071,-73.9415512
1063416,705,WEST 170 STREET,10032,112,Manhattan,118,1,119,21,6.0,40.8438492,-73.9419937
1063417,709,WEST  170 STREET,10032,112,Manhattan,299,4,303,21,14.0,40.8439102,-73.9421463
1063599,508,WEST 180 STREET,10033,112,Manhattan,69,3,72,21,3.0,40.8475685,-73.9323273
1063692,564,WEST 183 STREET,10033,112,Manhattan,17,16,33,10,3.0,40.8499489,-73.9322281
1063712,2498,AMSTERDAM AVENUE,10033,112,Manhattan,13,0,13,3,4.0,40.8498688,-73.9300232
1063717,509,WEST  183 STREET,10033,112,Manhattan,140,0,140,31,5.0,40.8498611,-73.9307632
1063825,460,AUDUBON AVENUE,10040,112,Manhattan,131,0,131,49,3.0,40.8534088,-73.9292984
1063856,510,WEST 190 STREET,10040,112,Manhattan,123,0,123,44,3.0,40.8538208,-73.9276886
1063913,607,WEST 180 STREET,10033,112,Manhattan,146,0,146,21,7.0,40.8491096,-73.9348221
1063940,620,WEST  182 STREET,10033,112,Manhattan,58,0,58,16,4.0,40.8501091,-73.9343033
1063951,605,WEST  182 STREET,10033,112,Manhattan,142,0,142,22,6.0,40.8502884,-73.9337387
1063983,633,WEST  185 STREET,10033,112,Manhattan,0,14,14,4,4.0,40.8522797,-73.9328995
1064015,325,WADSWORTH AVENUE,10040,112,Manhattan,79,0,79,24,3.0,40.8549995,-73.9308395
1064031,609,WEST 191 STREET,10040,112,Manhattan,91,1,92,21,4.0,40.8561096,-73.9299088
1064265,716,WEST 180 STREET,10033,112,Manhattan,73,13,86,21,4.0,40.8496208,-73.9378967
1064506,407,WEST 205 STREET,10034,112,Manhattan,171,0,171,29,6.0,40.8628693,-73.9185486
1064584,99,MARBLE HILL AVENUE,10463,208,Bronx,130,8,138,56,2.0,40.8771515,-73.9094467
1064715,200,NAGLE AVENUE,10034,112,Manhattan,102,0,102,49,2.0,40.8625107,-73.923317
1064716,192,NAGLE AVENUE,10034,112,Manhattan,116,0,116,49,2.0,40.8623886,-73.9236526
1064737,123,POST AVENUE,10034,112,Manhattan,44,0,44,11,4.0,40.8643494,-73.9198837
1064921,98,VERMILYEA AVENUE,10034,112,Manhattan,113,2,115,57,2.0,40.8663788,-73.922348
1064952,15,COOPER STREET,10034,112,Manhattan,97,1,98,21,5.0,40.8672409,-73.9246216
1070020,346,WEST   53 STREET,10019,104,Manhattan,33,2,35,9,4.0,40.7647209,-73.9866333
1076703,213,WEST  139 STREET,10030,110,Manhattan,30,0,30,7,4.0,40.8183784,-73.942543
1076723,2809,   8 AVENUE,10039,110,Manhattan,72,0,72,22,3.0,40.82584,-73.9400864
1076862,694,   9 AVENUE,10036,104,Manhattan,9,0,9,3,3.0,40.7618904,-73.9897232
1077395,35,MADISON STREET,10038,103,Manhattan,0,29,29,5,6.0,40.7120705,-73.9989395
1077670,191,AVENUE A,10009,103,Manhattan,9,0,9,3,3.0,40.7290688,-73.9816437
1078714,509,EAST   81 STREET,10028,108,Manhattan,61,3,64,20,3.0,40.7726402,-73.9487228
1079236,60,MULBERRY STREET,10013,103,Manhattan,39,1,40,10,4.0,40.7154808,-73.9992523
1079257,530,WEST 50 STREET,10019,104,Manhattan,73,0,73,8,9.0,40.7650795,-73.993309
1079500,640,WEST  139 STREET,10031,109,Manhattan,132,17,149,62,2.0,40.8231888,-73.955101
1079907,1466,ST NICHOLAS AVENUE,10033,112,Manhattan,29,0,29,8,4.0,40.8507118,-73.932312
1080036,3856,TENTH AVENUE,10034,112,Manhattan,90,0,90,28,3.0,40.8640404,-73.9196777
1080550,148,SEAMAN AVENUE,10034,112,Manhattan,101,0,101,24,4.0,40.8691483,-73.9229736
1080716,2259,   2 AVENUE,10029,111,Manhattan,37,0,37,3,12.0,40.7969589,-73.9381866
1081132,47,WEST   55 STREET,10019,105,Manhattan,25,0,25,3,8.0,40.7626915,-73.9767838
1082396,407,WEST 49 STREET,10019,104,Manhattan,36,0,36,10,4.0,40.7632294,-73.9897766
1082505,50,DELANCEY STREET,10002,103,Manhattan,87,2,89,5,18.0,40.719841,-73.9912872
1083714,24,MULBERRY STREET,10013,103,Manhattan,39,0,39,7,6.0,40.7141685,-73.9993362
1085213,1578,   3 AVENUE,10128,108,Manhattan,30,0,30,8,4.0,40.7806282,-73.9530716
1085272,216,EAST  117 STREET,10035,111,Manhattan,34,0,34,3,11.0,40.798111,-73.9389038
1087369,1982,   2 AVENUE,10029,111,Manhattan,36,0,36,12,3.0,40.7878304,-73.9440765
2000031,494,EAST 138 STREET,10454,201,Bronx,99,1,100,15,7.0,40.8075485,-73.9199219
2000037,518,EAST 138 STREET,10454,201,Bronx,182,0,182,23,8.0,40.8071518,-73.9189682
2000054,250,BROOK AVENUE,10454,201,Bronx,59,0,59,12,5.0,40.8077316,-73.9188995
2000106,504,BROOK AVENUE,10455,201,Bronx,57,0,57,18,3.0,40.8138695,-73.9152222
2000238,408,EAST  138 STREET,10454,201,Bronx,33,1,34,7,5.0,40.8088493,-73.9227295
2000252,462,EAST 138 STREET,10454,201,Bronx,12,0,12,3,4.0,40.8080406,-73.9210892
2000340,481,EAST 140 STREET,10454,201,Bronx,37,0,37,11,3.0,40.8095818,-73.9194183
2000406,411,EAST 141 STREET,10454,201,Bronx,41,9,50,13,4.0,40.8109283,-73.9206772
2000419,418,EAST 143 STREET,10454,201,Bronx,44,2,46,3,15.0,40.8117409,-73.9199066
2000443,408,EAST 144 STREET,10454,201,Bronx,24,0,24,7,3.0,40.8124619,-73.9196777
2000577,41,BRUCKNER BOULEVARD,10454,201,Bronx,26,0,26,3,9.0,40.8069305,-73.9270706
2000585,274,ALEXANDER AVENUE,10454,201,Bronx,19,8,27,9,3.0,40.8105087,-73.9244385
2000590,380,EAST 139 STREET,10454,201,Bronx,35,0,35,10,4.0,40.8097992,-73.9230499
2000871,340,EAST 148 STREET,10451,201,Bronx,31,0,31,9,3.0,40.8158112,-73.920517
2000872,342,EAST 148 STREET,10451,201,Bronx,48,0,48,8,6.0,40.8157883,-73.920433
2001258,1042,WASHINGTON AVENUE,10456,203,Bronx,9,0,9,3,3.0,40.8270798,-73.9089432
2001261,1048,WASHINGTON AVENUE,10456,203,Bronx,40,0,40,3,13.0,40.82724,-73.9088364
2001396,3007,3 AVENUE,10455,201,Bronx,10,0,10,3,3.0,40.8194008,-73.9140778
2001423,428,EAST 157 STREET,10451,201,Bronx,80,0,80,21,4.0,40.8210487,-73.9142075
2001493,422,EAST 161 STREET,10451,203,Bronx,250,5,255,10,26.0,40.8236809,-73.9130402
2001509,430,EAST 162 STREET,10451,203,Bronx,41,0,41,9,5.0,40.8242416,-73.9124603
2001588,15,GOUVERNEUR PLACE,10456,203,Bronx,49,1,50,10,5.0,40.8293114,-73.9083176
2001660,628,COURTLANDT AVENUE,10451,201,Bronx,42,0,42,13,3.0,40.8183708,-73.9184113
2001669,367,EAST  151 STREET,10455,201,Bronx,34,0,34,8,4.0,40.8180313,-73.9182281
2001726,373,EAST  154 STREET,10455,201,Bronx,20,10,30,8,4.0,40.8200111,-73.9172363
2001820,271,EAST 150 STREET,10451,201,Bronx,54,1,55,17,3.0,40.8181,-73.9221573
2001980,291,EAST 162 STREET,10451,204,Bronx,63,0,63,21,3.0,40.8264503,-73.9169312
2002025,314,EAST 164 STREET,10456,204,Bronx,41,9,50,3,17.0,40.8275795,-73.9154205
2002098,1260,CLAY AVENUE,10456,204,Bronx,62,0,62,13,5.0,40.8335495,-73.9096832
2002136,1047,CLAY AVENUE,10456,204,Bronx,24,5,29,4,7.0,40.8286705,-73.9129868
2002138,1043,CLAY AVENUE,10456,204,Bronx,21,0,21,4,5.0,40.8285408,-73.913063
2002189,312,EAST 165 STREET,10456,204,Bronx,54,0,54,4,14.0,40.82864,-73.915123
2002202,992,FINDLAY AVENUE,10456,204,Bronx,28,0,28,3,9.0,40.8280487,-73.9148178
2002210,1042,COLLEGE AVENUE,10456,204,Bronx,3,7,10,3,3.0,40.8295898,-73.914917
2002222,1048,FINDLAY AVENUE,10456,204,Bronx,36,0,36,9,4.0,40.8289604,-73.9142838
2002224,1056,FINDLAY AVENUE,10456,204,Bronx,63,0,63,9,7.0,40.8291397,-73.9141769
2002226,1064,FINDLAY AVENUE,10456,204,Bronx,59,2,61,9,7.0,40.829319,-73.9140778
2002228,1072,FINDLAY AVENUE,10456,204,Bronx,31,1,32,9,4.0,40.8294983,-73.9139633
2002233,1081,TELLER AVENUE,10456,204,Bronx,40,0,40,8,5.0,40.8295898,-73.9135132
2002243,1057,TELLER AVENUE,10456,204,Bronx,18,0,18,3,6.0,40.8290405,-73.9138336
2002244,1055,TELLER AVENUE,10456,204,Bronx,19,0,19,3,6.0,40.8289909,-73.9138565
2002252,1110,COLLEGE AVENUE,10456,204,Bronx,46,0,46,11,4.0,40.8305016,-73.9143906
2002261,1125,FINDLAY AVENUE,10456,204,Bronx,36,0,36,11,3.0,40.8307495,-73.9138412
2002327,1245,FINDLAY AVENUE,10456,204,Bronx,245,1,246,67,4.0,40.833931,-73.9119873
2002393,1045,COLLEGE AVENUE,10456,204,Bronx,18,0,18,3,6.0,40.8298416,-73.91539
2002395,1041,COLLEGE AVENUE,10456,204,Bronx,23,0,23,3,8.0,40.829731,-73.915451
2002431,1249,COLLEGE AVENUE,10456,204,Bronx,0,9,9,3,3.0,40.8341599,-73.9128265
2002435,1241,COLLEGE AVENUE,10456,204,Bronx,10,0,10,3,3.0,40.8339615,-73.9129562
2002436,1237,COLLEGE AVENUE,10456,204,Bronx,37,0,37,11,3.0,40.833889,-73.913002
2002489,955,GRANT AVENUE,10456,204,Bronx,35,0,35,6,6.0,40.8281708,-73.9184189
2002534,1052,GRANT AVENUE,10456,204,Bronx,8,24,32,3,11.0,40.8299904,-73.9167709
2002579,1115,MORRIS AVENUE,10456,204,Bronx,17,0,17,5,3.0,40.8311005,-73.9157333
2002631,1067,GRANT AVENUE,10456,204,Bronx,38,0,38,4,10.0,40.8305397,-73.9170914
2002713,967,SHERMAN AVENUE,10456,204,Bronx,99,2,101,20,5.0,40.8286781,-73.9191666
2002950,1097,WALTON AVENUE,10452,204,Bronx,309,1,310,62,5.0,40.8327217,-73.9211731
2002956,1170,GERARD AVENUE,10452,204,Bronx,108,1,109,54,2.0,40.8344803,-73.920517
2002960,1173,WALTON AVENUE,10452,204,Bronx,190,0,190,64,3.0,40.8341408,-73.9203262
2003048,974,ANDERSON AVENUE,10452,204,Bronx,44,1,45,9,5.0,40.8317413,-73.9271469
2003053,1055,JEROME AVENUE,10452,204,Bronx,136,0,136,63,2.0,40.8330994,-73.9254532
2003078,1220,SHAKESPEARE AVENUE,10452,204,Bronx,152,0,152,61,2.0,40.8374214,-73.923027
2003219,1019,NELSON AVENUE,10452,204,Bronx,28,0,28,3,9.0,40.8333015,-73.928627
2003234,1023,WOODYCREST AVENUE,10452,204,Bronx,24,0,24,3,8.0,40.8333702,-73.9277115
2003271,122,WEST 167 STREET,10452,204,Bronx,12,3,15,4,4.0,40.8365097,-73.9264679
2003379,1380,OGDEN AVENUE,10452,204,Bronx,75,0,75,20,4.0,40.8419914,-73.9241333
2003381,1390,OGDEN AVENUE,10452,204,Bronx,72,1,73,24,3.0,40.8422318,-73.9239502
2003389,1441,EDWARD L GRANT HIGHWAY,10452,204,Bronx,79,0,79,19,4.0,40.8428802,-73.9232788
2003405,145,WEST 170 STREET,10452,204,Bronx,80,0,80,11,7.0,40.8413315,-73.9241714
2003406,903,SUMMIT AVENUE,10452,204,Bronx,165,5,170,43,4.0,40.831131,-73.9316483
2003418,1027,SUMMIT AVENUE,10452,204,Bronx,8,5,13,3,4.0,40.8340187,-73.9300232
2003430,993,SUMMIT AVENUE,10452,204,Bronx,84,0,84,9,9.0,40.8330994,-73.930542
2003432,989,SUMMIT AVENUE,10452,204,Bronx,28,0,28,8,4.0,40.8329506,-73.9306335
2003457,1018,SUMMIT AVENUE,10452,204,Bronx,106,8,114,35,3.0,40.8336487,-73.9296112
2003501,1198,UNIVERSITY AVENUE,10452,204,Bronx,14,0,14,4,4.0,40.837841,-73.9272766
2003513,1201,UNIVERSITY AVENUE,10452,204,Bronx,95,24,119,38,3.0,40.8381615,-73.9276428
2003683,612,BEECH TERRACE,10454,201,Bronx,25,0,25,3,8.0,40.8093109,-73.9138489
2003750,715,EAST 133 STREET,10454,201,Bronx,37,0,37,3,12.0,40.8018608,-73.9151535
2003846,349,CONCORD AVENUE,10454,201,Bronx,57,0,57,3,19.0,40.8075905,-73.9106293
2003917,508,JACKSON AVENUE,10455,201,Bronx,32,0,32,9,4.0,40.8122292,-73.9091263
2003933,511,CONCORD AVENUE,10455,201,Bronx,13,0,13,3,4.0,40.8121605,-73.908783
2003945,536,CONCORD AVENUE,10455,201,Bronx,256,1,257,33,8.0,40.8127518,-73.9079666
2004260,1122,FRANKLIN AVENUE,10456,203,Bronx,0,31,31,10,3.0,40.8281593,-73.9052734
2004268,1133,BOSTON ROAD,10456,203,Bronx,311,1,312,51,6.0,40.8282089,-73.9042664
2004335,711,EAGLE AVENUE,10455,201,Bronx,12,0,12,3,4.0,40.8185081,-73.9102173
2004361,3194,   3 AVENUE,10451,203,Bronx,27,4,31,6,5.0,40.8225288,-73.9091415
2004363,3198,3 AVENUE,10451,203,Bronx,16,2,18,4,5.0,40.8226204,-73.9091034
2004367,3206,3 AVENUE,10451,203,Bronx,4,21,25,6,4.0,40.8228493,-73.9089584
2004410,594,EAGLE AVENUE,10455,201,Bronx,3,15,18,5,4.0,40.8151207,-73.911087
2004477,879,CAULDWELL AVENUE,10456,203,Bronx,15,0,15,4,4.0,40.8222389,-73.907608
2004650,1114,JACKSON AVENUE,10456,203,Bronx,6,9,15,3,5.0,40.82724,-73.9030533
2004732,761,HOME STREET,10456,203,Bronx,22,0,22,3,7.0,40.8283195,-73.9014893
2004763,1221,TINTON AVENUE,10456,203,Bronx,5,7,12,3,4.0,40.8298798,-73.9004364
2004826,976,TINTON AVENUE,10456,203,Bronx,86,1,87,35,2.0,40.8234787,-73.90242
2004962,721,PROSPECT AVENUE,10455,201,Bronx,12,0,12,3,4.0,40.8168907,-73.9031525
2004983,803,EAST 156 STREET,10455,201,Bronx,12,0,12,4,3.0,40.8178787,-73.903923
2004990,806,WESTCHESTER AVENUE,10455,201,Bronx,58,4,62,19,3.0,40.8186188,-73.9029617
2005070,822,EAST 169 STREET,10459,203,Bronx,59,3,62,3,21.0,40.8294182,-73.8981628
2005119,673,BECK STREET,10455,202,Bronx,43,0,43,8,5.0,40.8149796,-73.9014435
2005138,663,DAWSON STREET,10455,202,Bronx,15,0,15,3,5.0,40.8164787,-73.9026337
2005183,857,MACY PLACE,10455,202,Bronx,29,0,29,3,10.0,40.8185196,-73.9014969
2005216,856,EAST 165 STREET,10459,202,Bronx,12,0,12,3,4.0,40.8237495,-73.8993912
2005230,866,EAST 164 STREET,10459,202,Bronx,51,0,51,4,13.0,40.8231316,-73.899292
2005242,1044,PROSPECT AVENUE,10459,202,Bronx,53,0,53,4,13.0,40.8247795,-73.8991318
2005311,1251,STEBBINS AVENUE,10459,202,Bronx,11,0,11,3,4.0,40.82864,-73.8966599
2005359,941,INTERVALE AVENUE,10459,202,Bronx,271,2,273,49,6.0,40.8213081,-73.8972168
2005360,940,STEBBINS AVENUE,10459,202,Bronx,30,0,30,4,8.0,40.8218307,-73.8986816
2005441,745,KELLY STREET,10455,202,Bronx,20,0,20,3,7.0,40.8171806,-73.8994064
2005472,918,EAST 165 STREET,10459,202,Bronx,18,0,18,4,5.0,40.8236504,-73.8965683
2005531,770,BECK STREET,10455,202,Bronx,14,1,15,3,5.0,40.8165207,-73.8981705
2005547,958,EAST  156 STREET,10455,202,Bronx,20,0,20,3,7.0,40.8159409,-73.8997879
2005559,740,KELLY STREET,10455,202,Bronx,47,21,68,4,17.0,40.8167496,-73.8991318
2005592,826,BECK STREET,10459,202,Bronx,28,0,28,9,3.0,40.8176384,-73.8970184
2005603,877,INTERVALE AVENUE,10459,202,Bronx,139,0,139,8,17.0,40.8182716,-73.8960571
2005722,725,SOUTHERN BOULEVARD,10455,202,Bronx,129,0,129,58,2.0,40.8143883,-73.8986664
2005795,1076,FOX STREET,10459,202,Bronx,72,0,72,3,24.0,40.8259506,-73.8935928
2005868,925,BRUCKNER BOULEVARD,10459,202,Bronx,10,10,20,3,7.0,40.8186111,-73.8929291
2006064,1161,HOE AVENUE,10459,203,Bronx,49,1,50,10,5.0,40.8277588,-73.8911667
2006088,1020,FAILE STREET,10459,202,Bronx,18,0,18,3,6.0,40.8237495,-73.8892365
2006096,1036,FAILE STREET,10459,202,Bronx,10,0,10,3,3.0,40.8242989,-73.8892899
2006130,1021,FAILE STREET,10459,202,Bronx,25,1,26,6,4.0,40.8238106,-73.8898315
2006178,1137,VYSE AVENUE,10459,203,Bronx,6,17,23,3,8.0,40.8273582,-73.8902435
2006204,1120,BRYANT AVENUE,10459,203,Bronx,107,0,107,11,10.0,40.8269997,-73.8887329
2006258,1030,LONGFELLOW AVENUE,10459,202,Bronx,16,0,16,4,4.0,40.8241501,-73.8873978
2006261,1036,LONGFELLOW AVENUE,10459,202,Bronx,19,0,19,4,5.0,40.8243599,-73.887413
2006268,1054,LONGFELLOW AVENUE,10459,202,Bronx,38,0,38,4,10.0,40.8248405,-73.8874512
2006282,1050,LOWELL STREET,10459,202,Bronx,181,0,181,11,16.0,40.8257599,-73.8869324
2006284,1155,EAST 165 STREET,10459,202,Bronx,96,0,96,11,9.0,40.82547,-73.8871765
2006307,1150,LONGFELLOW AVENUE,10459,203,Bronx,20,7,27,3,9.0,40.8278008,-73.8877029
2006391,906,BRYANT AVENUE,10474,202,Bronx,33,0,33,3,11.0,40.8202019,-73.8867264
2006393,912,BRYANT AVENUE,10474,202,Bronx,12,0,12,3,4.0,40.8203697,-73.8867722
2006430,813,FAILE STREET,10474,202,Bronx,38,0,38,10,4.0,40.8172607,-73.8874969
2006442,855,FAILE STREET,10474,202,Bronx,0,11,11,3,4.0,40.8181381,-73.8876038
2006452,830,FAILE STREET,10474,202,Bronx,24,0,24,4,6.0,40.8178406,-73.8870697
2006458,858,FAILE STREET,10474,202,Bronx,5,8,13,4,3.0,40.8184814,-73.8872375
2006470,801,BRYANT AVENUE,10474,202,Bronx,161,0,161,38,4.0,40.8171616,-73.886467
2006595,1202,SPOFFORD AVENUE,10474,202,Bronx,219,18,237,60,4.0,40.8135796,-73.8907394
2006689,619,FAILE STREET,10474,202,Bronx,0,31,31,3,10.0,40.8127403,-73.886322
2006710,651,BRYANT AVENUE,10474,202,Bronx,9,0,9,3,3.0,40.8137589,-73.8856201
2007162,394,EAST 170 STREET,10456,204,Bronx,26,0,26,4,7.0,40.8369102,-73.9082489
2007252,307,EAST  170 STREET,10456,204,Bronx,17,0,17,4,4.0,40.8375587,-73.9100876
2007333,1654,MONROE AVENUE,10457,204,Bronx,124,0,124,49,3.0,40.8431396,-73.9065323
2007486,1750,TOPPING AVENUE,10457,205,Bronx,94,76,170,3,57.0,40.8454208,-73.9054337
2007522,1821,TOPPING AVENUE,10457,205,Bronx,144,0,144,3,48.0,40.8471909,-73.9058228
2007598,228,EAST TREMONT AVENUE,10457,205,Bronx,39,0,39,11,4.0,40.8487015,-73.904747
2007715,255,EAST TREMONT AVENUE,10457,205,Bronx,36,0,36,3,12.0,40.8490601,-73.9037628
2007821,1515,SELWYN AVENUE,10457,204,Bronx,102,20,122,47,3.0,40.840889,-73.9105606
2007880,1770,WALTON AVENUE,10453,205,Bronx,87,0,87,38,2.0,40.8476906,-73.9098663
2007904,1890,WALTON AVENUE,10453,205,Bronx,44,0,44,8,6.0,40.8493996,-73.9090805
2007950,2027,MORRIS AVENUE,10453,205,Bronx,19,33,52,4,13.0,40.8526688,-73.9063721
2007987,1410,GRAND CONCOURSE,10456,204,Bronx,72,3,75,35,2.0,40.8389816,-73.9130325
2008051,100,MARCY PLACE,10452,204,Bronx,142,1,143,58,2.0,40.8380318,-73.9167328
2008120,1459,WYTHE PLACE,10452,204,Bronx,236,5,241,73,3.0,40.8406792,-73.9144135
2008140,20,EAST MT EDEN AVENUE,10452,204,Bronx,120,0,120,47,3.0,40.8438797,-73.9142838
2008226,69,EAST 176 STREET,10453,205,Bronx,129,0,129,44,3.0,40.8485298,-73.9098663
2008239,1881,WALTON AVENUE,10453,205,Bronx,119,0,119,35,3.0,40.8493614,-73.9095917
2008301,1485,MACOMBS ROAD,10452,204,Bronx,164,15,179,49,4.0,40.8424683,-73.9182968
2008550,1962,UNIVERSITY AVENUE,10453,205,Bronx,60,7,67,11,6.0,40.8539886,-73.9115067
2008551,1966,UNIVERSITY AVENUE,10453,205,Bronx,63,2,65,11,6.0,40.8540916,-73.9114304
2008553,1974,UNIVERSITY AVENUE,10453,205,Bronx,41,16,57,11,5.0,40.85429,-73.9112701
2008704,1540,JESUP AVENUE,10452,204,Bronx,14,0,14,4,4.0,40.8443604,-73.9181824
2008839,1713,NELSON AVENUE,10453,205,Bronx,117,4,121,49,2.0,40.8487282,-73.9167328
2008862,81,WEST 174 STREET,10453,205,Bronx,21,0,21,3,7.0,40.8473511,-73.9172363
2008870,1639,NELSON AVENUE,10453,205,Bronx,16,0,16,5,3.0,40.8470802,-73.9188995
2008975,1812,PALISADE PLACE,10453,205,Bronx,4,11,15,3,5.0,40.8523102,-73.9182663
2009099,1805,UNIVERSITY AVENUE,10453,205,Bronx,94,0,94,26,4.0,40.8510094,-73.9153671
2009149,1898,BILLINGSLEY TERRACE,10453,205,Bronx,131,13,144,26,6.0,40.8538589,-73.9162521
2009266,1324,CLAY AVENUE,10456,204,Bronx,32,0,32,3,11.0,40.8347702,-73.9089737
2009360,1818,CLAY AVENUE,10457,205,Bronx,69,4,73,24,3.0,40.8470383,-73.9043808
2009599,501,EAST 176 STREET,10457,206,Bronx,20,0,20,6,3.0,40.8456688,-73.8974533
2009625,3716,3 AVENUE,10456,203,Bronx,113,1,114,41,3.0,40.83564,-73.9027481
2009771,644,EAST 170 STREET,10456,203,Bronx,48,0,48,9,5.0,40.8338585,-73.8992996
2009825,1451,PROSPECT AVENUE,10456,203,Bronx,89,2,91,22,4.0,40.8341293,-73.8972473
2009839,1404,CROTONA PARK EAST,10460,203,Bronx,28,0,28,3,9.0,40.8343201,-73.896492
2009917,710,EAST 175 STREET,10457,206,Bronx,128,2,130,8,16.0,40.8424187,-73.8932419
2009965,709,FAIRMOUNT PLACE,10457,206,Bronx,241,0,241,61,4.0,40.8443909,-73.8912964
2010048,815,FAIRMOUNT PLACE,10460,206,Bronx,114,7,121,48,3.0,40.8424492,-73.8880234
2010050,793,FAIRMOUNT PLACE,10460,206,Bronx,99,1,100,26,4.0,40.842701,-73.8885498
2010091,887,CROTONA PARK NORTH,10460,206,Bronx,99,4,103,30,3.0,40.8394203,-73.8887634
2010092,861,CROTONA PARK NORTH,10460,206,Bronx,51,1,52,16,3.0,40.8396111,-73.8893127
2010103,870,EAST 175 STREET,10460,206,Bronx,58,1,59,15,4.0,40.8398285,-73.8885117
2010128,1811,WATERLOO PLACE,10460,206,Bronx,56,0,56,10,6.0,40.8400497,-73.8881073
2010167,771,EAST 169 STREET,10456,203,Bronx,18,0,18,3,6.0,40.8309593,-73.8994064
2010189,1384,BOSTON ROAD,10456,203,Bronx,84,0,84,14,6.0,40.832531,-73.8977585
2010353,1348,PROSPECT AVENUE,10459,203,Bronx,9,0,9,3,3.0,40.8298302,-73.8970337
2010358,820,FREEMAN STREET,10459,203,Bronx,70,3,73,3,24.0,40.8302689,-73.8968735
2010423,1330,CHISHOLM STREET,10459,203,Bronx,13,1,14,3,5.0,40.8315392,-73.8955078
2010450,1302,STEBBINS AVENUE,10459,203,Bronx,84,0,84,8,11.0,40.8298988,-73.8950729
2010459,1234,INTERVALE AVENUE,10459,203,Bronx,0,81,81,3,27.0,40.8288689,-73.8942566
2010511,1550,MINFORD PLACE,10460,203,Bronx,33,0,33,8,4.0,40.8352585,-73.8898087
2010568,1460,SOUTHERN BOULEVARD,10460,203,Bronx,63,0,63,5,13.0,40.8324089,-73.8903732
2010690,1892,DALY AVENUE,10460,206,Bronx,69,0,69,3,23.0,40.8400192,-73.8845901
2010738,1453,BRYANT AVENUE,10459,203,Bronx,10,0,10,3,3.0,40.8314896,-73.8883972
2010756,1490,VYSE AVENUE,10460,203,Bronx,16,0,16,4,4.0,40.8327484,-73.8880463
2010770,1485,BRYANT AVENUE,10460,203,Bronx,18,0,18,3,6.0,40.8324814,-73.8878098
2010771,1481,BRYANT AVENUE,10460,203,Bronx,10,0,10,3,3.0,40.8323784,-73.8878708
2010823,1448,BRYANT AVENUE,10459,203,Bronx,10,0,10,3,3.0,40.8311996,-73.8879471
2010842,1460,BRYANT AVENUE,10460,203,Bronx,29,0,29,3,10.0,40.8316994,-73.8876495
2010854,1494,BRYANT AVENUE,10460,203,Bronx,30,1,31,3,10.0,40.8325806,-73.8871231
2010880,1552,BRYANT AVENUE,10460,203,Bronx,17,0,17,3,6.0,40.8342514,-73.8861313
2010912,1313,WEST FARMS ROAD,10459,203,Bronx,0,28,28,4,7.0,40.8297691,-73.8873596
2011078,375,EAST 188 STREET,10458,205,Bronx,152,1,153,47,3.0,40.8602295,-73.8933411
2011203,416,EAST 187 STREET,10458,206,Bronx,38,0,38,12,3.0,40.8582687,-73.8933411
2011213,4575,PARK AVENUE,10458,206,Bronx,117,14,131,61,2.0,40.856781,-73.8944778
2011215,2406,WEBSTER AVENUE,10458,206,Bronx,42,0,42,8,5.0,40.8588486,-73.8935089
2011216,2408,WEBSTER AVENUE,10458,206,Bronx,66,1,67,8,8.0,40.8589287,-73.8934631
2011233,413,EAST 187 STREET,10458,206,Bronx,34,0,34,9,4.0,40.8587494,-73.8933029
2011287,2037,WASHINGTON AVENUE,10457,206,Bronx,7,26,33,3,11.0,40.8502007,-73.8967133
2011298,4418,PARK AVENUE,10457,206,Bronx,16,0,16,3,5.0,40.8527794,-73.895813
2011324,2179,WASHINGTON AVENUE,10457,206,Bronx,163,0,163,34,5.0,40.8538017,-73.8946686
2011388,459,EAST 185 STREET,10458,206,Bronx,10,0,10,3,3.0,40.8568916,-73.8927307
2011511,2158,BATHGATE AVENUE,10457,206,Bronx,7,2,9,3,3.0,40.8519211,-73.8939667
2011544,2196,WASHINGTON AVENUE,10457,206,Bronx,12,0,12,3,4.0,40.8540802,-73.8937988
2011547,2268,WASHINGTON AVENUE,10457,206,Bronx,118,0,118,20,6.0,40.8548012,-73.8931732
2011602,4533,3 AVENUE,10458,206,Bronx,24,1,25,8,3.0,40.8544083,-73.8910065
2011649,2344,LORILLARD PLACE,10458,206,Bronx,17,0,17,3,6.0,40.8550301,-73.8900833
2011989,620,EAST 178 STREET,10457,206,Bronx,157,0,157,47,3.0,40.8465881,-73.8924026
2012006,2070,ARTHUR AVENUE,10457,206,Bronx,129,0,129,27,5.0,40.8486214,-73.8916931
2012021,2025,HUGHES AVENUE,10457,206,Bronx,0,11,11,3,4.0,40.8480606,-73.8914566
2012023,2019,HUGHES AVENUE,10457,206,Bronx,44,0,44,8,6.0,40.8478699,-73.8913803
2012092,624,EAST 183 STREET,10458,206,Bronx,26,0,26,6,4.0,40.8526192,-73.8883667
2012114,2303,HUGHES AVENUE,10458,206,Bronx,30,0,30,3,10.0,40.8530312,-73.8880615
2012150,2334,HUGHES AVENUE,10458,206,Bronx,49,2,51,16,3.0,40.8539696,-73.8876266
2012165,2379,BELMONT AVENUE,10458,206,Bronx,27,0,27,9,3.0,40.8544998,-73.8867874
2012172,2384,BELMONT AVENUE,10458,206,Bronx,51,6,57,7,8.0,40.8544693,-73.8862
2012205,2443,CAMBRELENG AVENUE,10458,206,Bronx,52,4,56,13,4.0,40.8558197,-73.8846436
2012297,1980,BELMONT AVENUE,10457,206,Bronx,18,0,18,3,6.0,40.8464203,-73.8910828
2012300,1986,BELMONT AVENUE,10457,206,Bronx,41,0,41,3,14.0,40.8465996,-73.8909607
2012308,676,EAST 179 STREET,10457,206,Bronx,25,0,25,8,3.0,40.8468208,-73.8903198
2012314,1978,BELMONT AVENUE,10457,206,Bronx,2,18,20,3,7.0,40.8463707,-73.8911133
2012342,672,EAST 180 STREET,10457,206,Bronx,9,0,9,3,3.0,40.8481712,-73.889473
2012357,2113,BELMONT AVENUE,10457,206,Bronx,39,0,39,9,4.0,40.8491211,-73.88974
2012389,2153,BELMONT AVENUE,10457,206,Bronx,34,0,34,3,11.0,40.8501816,-73.8890686
2012528,2309,BEAUMONT AVENUE,10458,206,Bronx,12,0,12,3,4.0,40.8526115,-73.8855209
2012546,689,EAST 187 STREET,10458,206,Bronx,52,0,52,6,9.0,40.8544617,-73.884903
2012604,693,EAST 189 STREET,10458,206,Bronx,77,0,77,20,4.0,40.8562393,-73.8833618
2012605,701,EAST 189 STREET,10458,206,Bronx,40,0,40,6,7.0,40.8563118,-73.8833008
2012656,2006,CROTONA AVENUE,10457,206,Bronx,10,0,10,3,3.0,40.8469887,-73.8894272
2012667,2068,CROTONA AVENUE,10457,206,Bronx,10,0,10,3,3.0,40.8474503,-73.8890381
2012697,716,EAST  181 STREET,10457,206,Bronx,13,0,13,3,4.0,40.8484192,-73.8877869
2012703,2117,CLINTON AVENUE,10457,206,Bronx,23,0,23,3,8.0,40.8482094,-73.8876038
2012764,2162,CROTONA AVENUE,10457,206,Bronx,24,0,24,3,8.0,40.8497581,-73.8867035
2012765,2164,CROTONA AVENUE,10457,206,Bronx,14,0,14,3,5.0,40.8498192,-73.8866425
2012766,2166,CROTONA AVENUE,10457,206,Bronx,12,0,12,3,4.0,40.8498688,-73.8865814
2012779,735,EAST 182 STREET,10457,206,Bronx,139,0,139,21,7.0,40.8499985,-73.8854218
2012835,2364,CROTONA AVENUE,10458,206,Bronx,21,0,21,3,7.0,40.8534698,-73.8835068
2012873,2357,CROTONA AVENUE,10458,206,Bronx,68,1,69,21,3.0,40.8536415,-73.8840637
2012877,2327,CROTONA AVENUE,10458,206,Bronx,32,1,33,9,4.0,40.852951,-73.884407
2012912,2470,BEAUMONT AVENUE,10458,206,Bronx,44,0,44,12,4.0,40.8558807,-73.8832169
2012920,2425,CROTONA AVENUE,10458,206,Bronx,105,25,130,5,26.0,40.8548317,-73.8834686
2012931,2000,PROSPECT AVENUE,10457,206,Bronx,134,0,134,66,2.0,40.8451996,-73.8878326
2012933,2009,MAPES AVENUE,10460,206,Bronx,21,0,21,6,4.0,40.8450699,-73.8872986
2012949,817,EAST 178 STREET,10460,206,Bronx,125,0,125,43,3.0,40.8443794,-73.8863678
2013028,2297,SOUTHERN BOULEVARD,10460,206,Bronx,61,0,61,3,20.0,40.8505707,-73.882843
2013064,2440,PROSPECT AVENUE,10458,206,Bronx,64,24,88,3,29.0,40.8547287,-73.881897
2013099,2116,CROTONA PARKWAY,10460,206,Bronx,76,0,76,23,3.0,40.8461494,-73.8835297
2013177,2112,HONEYWELL AVENUE,10460,206,Bronx,48,0,48,11,4.0,40.8452682,-73.8818893
2013317,2160,TIEBOUT AVENUE,10457,205,Bronx,169,5,174,60,3.0,40.8545189,-73.8981476
2013318,363,EAST 180 STREET,10457,205,Bronx,103,0,103,9,11.0,40.8521194,-73.8985825
2013321,2240,TIEBOUT AVENUE,10457,205,Bronx,288,0,288,57,5.0,40.8555794,-73.8975906
2013330,386,EAST 184 STREET,10458,205,Bronx,73,0,73,3,24.0,40.8568192,-73.8959503
2013480,2489,TIEBOUT AVENUE,10458,205,Bronx,78,0,78,26,3.0,40.8616486,-73.8953094
2013532,2098,RYER AVENUE,10457,205,Bronx,45,0,45,3,15.0,40.8533401,-73.9003983
2013642,217,EAST BURNSIDE AVENUE,10457,205,Bronx,21,0,21,3,7.0,40.8521309,-73.9027328
2013703,213,EAST 181 STREET,10457,205,Bronx,115,0,115,39,3.0,40.8546295,-73.9009094
2013721,2250,GRAND CONCOURSE,10457,205,Bronx,123,11,134,22,6.0,40.8565102,-73.8999329
2013817,2546,CRESTON AVENUE,10468,207,Bronx,36,0,36,11,3.0,40.8638496,-73.8970566
2013845,2065,CRESTON AVENUE,10453,205,Bronx,98,0,98,40,2.0,40.8534393,-73.9045486
2013885,2324,MORRIS AVENUE,10468,205,Bronx,117,1,118,42,3.0,40.8587685,-73.9011383
2013969,2160,WALTON AVENUE,10453,205,Bronx,306,0,306,48,6.0,40.8555908,-73.904213
2014174,2109,DAVIDSON AVENUE,10453,205,Bronx,0,11,11,3,4.0,40.8557396,-73.9070969
2014175,2107,DAVIDSON AVENUE,10453,205,Bronx,0,13,13,3,4.0,40.8556709,-73.9071503
2014179,2099,DAVIDSON AVENUE,10453,205,Bronx,0,15,15,4,4.0,40.8554382,-73.9073563
2014205,2205,DAVIDSON AVENUE,10453,205,Bronx,155,8,163,49,3.0,40.8576889,-73.9057999
2014233,2290,DAVIDSON AVENUE,10468,207,Bronx,219,3,222,55,4.0,40.8590393,-73.9043121
2014256,2353,DAVIDSON AVENUE,10468,207,Bronx,41,0,41,11,4.0,40.8603897,-73.9041519
2014359,20,WEST 190 STREET,10468,207,Bronx,114,0,114,37,3.0,40.8639183,-73.9010696
2014497,61,WEST 181 STREET,10453,205,Bronx,52,0,52,4,13.0,40.856781,-73.907692
2014603,2328,UNIVERSITY AVENUE,10468,207,Bronx,261,0,261,11,24.0,40.8614197,-73.9056931
2014610,2352,UNIVERSITY AVENUE,10468,207,Bronx,109,0,109,9,12.0,40.8620987,-73.9050827
2014626,2422,UNIVERSITY AVENUE,10468,207,Bronx,39,0,39,11,4.0,40.8633995,-73.9039917
2014627,2426,UNIVERSITY AVENUE,10468,207,Bronx,47,0,47,11,4.0,40.8634987,-73.903923
2014659,2529B,GRAND AVENUE,10468,207,Bronx,14,0,14,3,5.0,40.865551,-73.9015198
2014918,2280,LORING PLACE,10468,207,Bronx,176,0,176,61,3.0,40.8610992,-73.9085007
2014921,2277,ANDREWS AVENUE,10468,207,Bronx,134,0,134,49,3.0,40.8608284,-73.9082565
2015029,1932,HENNESSY PLACE,10453,205,Bronx,45,0,45,5,9.0,40.8551483,-73.9148483
2015099,2241,SEDGWICK AVENUE,10468,207,Bronx,14,0,14,3,5.0,40.8609505,-73.9108734
2015138,160,WEST KINGSBRIDGE ROAD,10463,207,Bronx,72,2,74,37,2.0,40.8700294,-73.904541
2015310,2755,RESERVOIR AVENUE,10468,208,Bronx,127,6,133,64,2.0,40.8700485,-73.8989563
2015373,2776,SEDGWICK AVENUE,10468,208,Bronx,0,22,22,4,6.0,40.8713188,-73.9020233
2015418,2856,WEBB AVENUE,10468,208,Bronx,186,18,204,25,8.0,40.8733902,-73.9003296
2015554,3036,KINGSBRIDGE TERRACE,10463,208,Bronx,9,0,9,3,3.0,40.8764,-73.9012299
2016405,391,EAST 198 STREET,10458,207,Bronx,14,4,18,4,5.0,40.8664093,-73.8859863
2016475,2676,MARION AVENUE,10458,207,Bronx,30,0,30,5,6.0,40.8650894,-73.8899536
2016505,2711,DECATUR AVENUE,10458,207,Bronx,14,1,15,3,5.0,40.8653183,-73.8887177
2016590,2557,MARION AVENUE,10458,207,Bronx,163,1,164,52,3.0,40.8628311,-73.8926697
2016602,2565,MARION AVENUE,10458,207,Bronx,83,0,83,38,2.0,40.8630219,-73.8924103
2016639,2677,MARION AVENUE,10458,207,Bronx,22,0,22,3,7.0,40.8653183,-73.8906097
2016685,2795,MARION AVENUE,10458,207,Bronx,41,0,41,3,14.0,40.8671799,-73.887413
2016844,2674,BRIGGS AVENUE,10458,207,Bronx,0,62,62,3,21.0,40.8657608,-73.8918686
2016926,2847,BAINBRIDGE AVENUE,10458,207,Bronx,14,0,14,3,5.0,40.8690109,-73.8880386
2017013,2707,BRIGGS AVENUE,10458,207,Bronx,80,0,80,26,3.0,40.8667107,-73.8917313
2017141,2754,GRAND CONCOURSE,10458,207,Bronx,183,1,184,67,3.0,40.8679199,-73.8923492
2017142,2760,GRAND CONCOURSE,10458,207,Bronx,143,0,143,58,2.0,40.8681908,-73.8921127
2017399,116,EAST MOSHOLU PARKWAY SOUTH,10458,207,Bronx,124,16,140,59,2.0,40.8760681,-73.8837433
2017425,104,EAST 196 STREET,10468,207,Bronx,81,0,81,23,4.0,40.8681717,-73.894043
2017870,3066,WEBSTER AVENUE,10467,207,Bronx,13,0,13,3,4.0,40.8700905,-73.8780289
2017885,3080,DECATUR AVENUE,10467,207,Bronx,1,13,14,3,5.0,40.8710289,-73.8784103
2017910,353,EAST MOSHOLU PARKWAY NORT,10467,207,Bronx,121,0,121,26,5.0,40.8712082,-73.8799667
2018015,179,EAST MOSHOLU PARKWAY NORTH,10467,207,Bronx,30,0,30,6,5.0,40.8752708,-73.8811569
2018102,282,EAST 205 STREET,10467,207,Bronx,25,3,28,6,5.0,40.8738213,-73.8786392
2018217,281,RESERVOIR PLACE,10467,207,Bronx,12,0,12,3,4.0,40.8790207,-73.8755798
2018316,3143,HULL AVENUE,10467,207,Bronx,12,0,12,3,4.0,40.8732796,-73.8775482
2018381,3324,PERRY AVENUE,10467,207,Bronx,16,0,16,4,4.0,40.8776093,-73.8745728
2018607,3342,DECATUR AVENUE,10467,207,Bronx,26,0,26,3,9.0,40.8775902,-73.872673
2018687,409,EAST 204 STREET,10467,207,Bronx,46,0,46,11,4.0,40.8709602,-73.876358
2021448,1825,LACOMBE AVENUE,10473,209,Bronx,45,0,45,5,9.0,40.8153305,-73.8611603
2021710,1756,SEWARD AVENUE,10473,209,Bronx,13,6,19,3,6.0,40.8186188,-73.8653336
2021745,636,COMMONWEALTH AVENUE,10473,209,Bronx,10,0,10,3,3.0,40.8178902,-73.8647232
2021854,630,TAYLOR AVENUE,10473,209,Bronx,17,0,17,3,6.0,40.8182602,-73.8619537
2021979,737,NOBLE AVENUE,10473,209,Bronx,9,0,9,3,3.0,40.81987,-73.8677368
2022024,1757,SEWARD AVENUE,10473,209,Bronx,17,0,17,5,3.0,40.8190994,-73.8654404
2022082,1773,SEWARD AVENUE,10473,209,Bronx,0,61,61,3,20.0,40.8192101,-73.8646088
2023435,1041,ELDER AVENUE,10472,209,Bronx,76,0,76,5,15.0,40.8250999,-73.8786469
2023437,1037,ELDER AVENUE,10472,209,Bronx,83,0,83,5,17.0,40.8249702,-73.8786163
2023440,1031,ELDER AVENUE,10472,209,Bronx,25,3,28,5,6.0,40.8247719,-73.8785782
2023458,1024,ELDER AVENUE,10472,209,Bronx,44,0,44,5,9.0,40.8247108,-73.8779831
2023510,1019,WARD AVENUE,10472,209,Bronx,23,0,23,3,8.0,40.8244095,-73.8765793
2023522,1040,WARD AVENUE,10472,209,Bronx,9,0,9,3,3.0,40.8252296,-73.8761902
2023526,1048,WARD AVENUE,10472,209,Bronx,14,0,14,3,5.0,40.8255005,-73.8762512
2023538,1051,MANOR AVENUE,10472,209,Bronx,14,0,14,4,4.0,40.8256798,-73.8759232
2023540,1047,MANOR AVENUE,10472,209,Bronx,16,0,16,4,4.0,40.8255501,-73.8758926
2023544,1039,MANOR AVENUE,10472,209,Bronx,37,1,38,4,10.0,40.8252792,-73.8758163
2023546,1035,MANOR AVENUE,10472,209,Bronx,75,6,81,4,20.0,40.8251419,-73.8757935
2023548,1031,MANOR AVENUE,10472,209,Bronx,17,0,17,4,4.0,40.8250084,-73.8757629
2023552,1023,MANOR AVENUE,10472,209,Bronx,16,0,16,4,4.0,40.8247414,-73.8756866
2023723,1173,COLGATE AVENUE,10472,209,Bronx,18,0,18,4,5.0,40.8278885,-73.8821564
2023822,1144,WHEELER AVENUE,10472,209,Bronx,20,0,20,4,5.0,40.827301,-73.8795395
2023830,1160,WHEELER AVENUE,10472,209,Bronx,12,0,12,4,3.0,40.8278389,-73.8796616
2023878,1115,BOYNTON AVENUE,10472,209,Bronx,14,0,14,4,4.0,40.8269005,-73.8781204
2023894,1136,BOYNTON AVENUE,10472,209,Bronx,19,0,19,4,5.0,40.8273506,-73.8776474
2023943,1159,MANOR AVENUE,10472,209,Bronx,12,0,12,4,3.0,40.8282585,-73.8765335
2024043,1145,FTELEY AVENUE,10472,209,Bronx,12,0,12,4,3.0,40.8283501,-73.8716431
2024051,1127,FTELEY AVENUE,10472,209,Bronx,59,0,59,4,15.0,40.8278084,-73.8715134
2024053,1121,FTELEY AVENUE,10472,209,Bronx,26,0,26,4,7.0,40.8276711,-73.8714828
2024068,1122,METCALF AVENUE,10472,209,Bronx,21,0,21,4,5.0,40.8278999,-73.8718872
2024072,1130,METCALF AVENUE,10472,209,Bronx,17,0,17,4,4.0,40.8281708,-73.8719635
2024141,1150,FTELEY AVENUE,10472,209,Bronx,53,2,55,4,14.0,40.8288498,-73.8711624
2024164,1125,NOBLE AVENUE,10472,209,Bronx,16,0,16,3,5.0,40.8280907,-73.8696594
2024539,1144,WHITE PLAINS ROAD,10472,209,Bronx,52,0,52,4,13.0,40.8300591,-73.8610229
2024561,1115,VIRGINIA AVENUE,10472,209,Bronx,47,4,51,5,10.0,40.828949,-73.8601227
2024613,1226,ROSEDALE AVENUE,10472,209,Bronx,12,4,16,5,3.0,40.8300514,-73.8685074
2024644,1220,COMMONWEALTH AVENUE,10472,209,Bronx,19,0,19,4,5.0,40.8304787,-73.8676529
2024660,1227,ST LAWRENCE AVENUE,10472,209,Bronx,10,0,10,3,3.0,40.8306313,-73.8673172
2024712,1815,GLEASON AVENUE,10472,209,Bronx,20,0,20,3,7.0,40.8302307,-73.8652802
2024713,1813,GLEASON AVENUE,10472,209,Bronx,22,0,22,3,7.0,40.8302193,-73.8653564
2024810,1849,GLEASON AVENUE,10472,209,Bronx,23,0,23,5,5.0,40.8304482,-73.8636932
2024867,1250,LELAND AVENUE,10472,209,Bronx,87,0,87,43,2.0,40.8319511,-73.8632507
2024876,1233,WHITE PLAINS ROAD,10472,209,Bronx,138,0,138,32,4.0,40.8316193,-73.8626099
2024956,1245,BRONX RIVER AVENUE,10472,209,Bronx,54,0,54,4,14.0,40.8297691,-73.8828735
2025050,1226,EVERGREEN AVENUE,10472,209,Bronx,32,1,33,11,3.0,40.829361,-73.8809662
2025161,1533,WESTCHESTER AVENUE,10472,209,Bronx,65,1,66,10,7.0,40.8288994,-73.8786316
2025162,1531,WESTCHESTER AVENUE,10472,209,Bronx,125,0,125,10,13.0,40.8288918,-73.8787766
2025349,1255,STRATFORD AVENUE,10472,209,Bronx,143,6,149,70,2.0,40.8310204,-73.8762131
2025446,1256,FTELEY AVENUE,10472,209,Bronx,37,0,37,5,7.0,40.8311691,-73.8717117
2025543,1256,NOBLE AVENUE,10472,209,Bronx,53,0,53,4,13.0,40.8314896,-73.869873
2025544,1258,NOBLE AVENUE,10472,209,Bronx,0,28,28,4,7.0,40.8315582,-73.8698807
2025920,1958,CROSS BRONX EXPRESSWAY,10472,209,Bronx,13,0,13,3,4.0,40.8321114,-73.8582916
2026292,2124,CHATTERTON AVENUE,10472,209,Bronx,26,0,26,4,7.0,40.8278389,-73.8521729
2026319,2147,BRUCKNER BOULEVARD,10472,209,Bronx,39,5,44,4,11.0,40.8276787,-73.8511276
2026326,2133,BRUCKNER BOULEVARD,10472,209,Bronx,18,0,18,4,5.0,40.8275986,-73.8517532
2026478,2136,GLEASON AVENUE,10462,209,Bronx,9,0,9,3,3.0,40.831501,-73.8526535
2027393,1319,ELDER AVENUE,10472,209,Bronx,25,0,25,3,8.0,40.8317413,-73.8802032
2027476,1349,STRATFORD AVENUE,10472,209,Bronx,354,3,357,72,5.0,40.8330994,-73.8767014
2027502,1310,STRATFORD AVENUE,10472,209,Bronx,9,8,17,4,4.0,40.8320885,-73.8758926
2027504,1314,STRATFORD AVENUE,10472,209,Bronx,21,0,21,4,5.0,40.8322296,-73.8759232
2027506,1318,STRATFORD AVENUE,10472,209,Bronx,27,0,27,4,7.0,40.8323784,-73.8759537
2027507,1320,STRATFORD AVENUE,10472,209,Bronx,14,0,14,4,4.0,40.8324509,-73.8759689
2027571,1311,HARROD AVENUE,10472,209,Bronx,30,0,30,5,6.0,40.8323288,-73.8746185
2027761,1361,ROSEDALE AVENUE,10472,209,Bronx,29,2,31,6,5.0,40.834301,-73.8701477
2027866,1302,ST LAWRENCE AVENUE,10472,209,Bronx,17,0,17,3,6.0,40.8329582,-73.8672791
2027944,1350,TAYLOR AVENUE,10472,209,Bronx,11,0,11,3,4.0,40.8337708,-73.8654633
2028090,1425,CROES AVENUE,10472,209,Bronx,15,0,15,4,4.0,40.8354683,-73.8723297
2028274,1445,LELAND AVENUE,10460,209,Bronx,9,5,14,4,4.0,40.8367386,-73.8646469
2028281,1421,LELAND AVENUE,10460,209,Bronx,36,0,36,4,9.0,40.8360596,-73.8645401
2028427,1523,ROSEDALE AVENUE,10460,209,Bronx,24,0,24,3,8.0,40.8385506,-73.8703766
2028505,1495,BEACH AVENUE,10460,209,Bronx,12,0,12,3,4.0,40.8377914,-73.8675919
2028526,1528,ROSEDALE AVENUE,10460,209,Bronx,26,6,32,3,11.0,40.8388405,-73.8697968
2028527,1530,ROSEDALE AVENUE,10460,209,Bronx,11,0,11,3,4.0,40.8389015,-73.8697968
2028635,1512,BEACH AVENUE,10460,209,Bronx,90,0,90,30,3.0,40.8379707,-73.8670425
2028682,1501,WHITE PLAINS ROAD,10462,209,Bronx,31,0,31,9,3.0,40.8380585,-73.8639221
2041847,2512,TRATMAN AVENUE,10461,210,Bronx,180,3,183,62,3.0,40.8393593,-73.8447876
2042055,1713,ZEREGA AVENUE,10462,210,Bronx,37,0,37,7,5.0,40.8399811,-73.8517685
2042428,1123,EAST TREMONT AVENUE,10460,206,Bronx,68,22,90,3,30.0,40.8401413,-73.8762436
2042528,1731,VAN BUREN STREET,10460,211,Bronx,20,0,20,3,7.0,40.8417892,-73.8711014
2042547,1720,ADAMS STREET,10460,211,Bronx,25,1,26,3,9.0,40.8411903,-73.8709183
2042606,1728,VAN BUREN STREET,10460,211,Bronx,28,0,28,3,9.0,40.84198,-73.8706131
2042634,1723,TAYLOR AVENUE,10460,211,Bronx,31,0,31,7,4.0,40.8424301,-73.8694611
2042638,1711,TAYLOR AVENUE,10460,211,Bronx,14,0,14,3,5.0,40.8422089,-73.8692169
2042714,1641,MELVILLE STREET,10460,211,Bronx,18,0,18,5,4.0,40.8411903,-73.8692932
2042757,1607,TAYLOR AVENUE,10460,211,Bronx,16,0,16,3,5.0,40.8408203,-73.8677368
2042806,1632,TAYLOR AVENUE,10460,211,Bronx,14,1,15,4,4.0,40.841629,-73.8678894
2042835,622,MEAD STREET,10460,211,Bronx,35,0,35,3,12.0,40.8422508,-73.8665237
2042836,624,MEAD STREET,10460,211,Bronx,9,0,9,3,3.0,40.8423004,-73.8664627
2043211,1659,WALLACE AVENUE,10462,211,Bronx,15,0,15,3,5.0,40.8437004,-73.8629913
2043579,1848,HOLLAND AVENUE,10462,211,Bronx,11,0,11,3,4.0,40.8470612,-73.8645782
2046567,1822,EDISON AVENUE,10461,210,Bronx,71,0,71,5,14.0,40.8477898,-73.8320999
2046676,3108,ARNOW PLACE,10461,210,Bronx,13,0,13,3,4.0,40.8499908,-73.8296967
2047775,2037,BURR AVENUE,10461,210,Bronx,30,0,30,3,10.0,40.8538589,-73.8278427
2047837,664,SAGAMORE STREET,10462,211,Bronx,16,0,16,3,5.0,40.8488693,-73.8687286
2049141,2031,TOMLINSON AVENUE,10461,211,Bronx,16,2,18,4,5.0,40.8545609,-73.8562012
2051211,611,WARING AVENUE,10467,211,Bronx,8,1,9,3,3.0,40.8616295,-73.8699036
2051508,774,ALLERTON AVENUE,10467,211,Bronx,124,2,126,46,3.0,40.8652191,-73.8641815
2052115,2551,HERING AVENUE,10469,211,Bronx,4,160,164,3,55.0,40.864521,-73.8541489
2053676,2749,WALLACE AVENUE,10467,211,Bronx,33,0,33,4,8.0,40.8672981,-73.8646927
2053737,2715,BARNES AVENUE,10467,211,Bronx,39,0,39,4,10.0,40.8660812,-73.8637772
2053936,1060,ARNOW AVENUE,10469,211,Bronx,57,0,57,4,14.0,40.8674583,-73.8571472
2054837,2911,HOLLAND AVENUE,10467,211,Bronx,16,0,16,5,3.0,40.8682785,-73.8656006
2054893,809,ARNOW AVENUE,10467,211,Bronx,16,12,28,4,7.0,40.8680496,-73.8628464
2055596,767,ADEE AVENUE,10467,212,Bronx,20,0,20,3,7.0,40.8698883,-73.8645935
2055612,3046,HOLLAND AVENUE,10467,212,Bronx,90,0,90,13,7.0,40.8709412,-73.8649368
2055638,3028,WALLACE AVENUE,10467,212,Bronx,9,0,9,3,3.0,40.8704605,-73.8640137
2055662,805,ADEE AVENUE,10467,212,Bronx,45,0,45,4,11.0,40.8698692,-73.8631363
2055669,3018,BARNES AVENUE,10467,212,Bronx,18,1,19,4,5.0,40.8704491,-73.8630829
2055689,3015,MATTHEWS AVENUE,10467,212,Bronx,11,2,13,4,3.0,40.870369,-73.862709
2056251,3233,CRUGER AVENUE,10467,212,Bronx,36,0,36,3,12.0,40.8723907,-73.8664093
2056256,3211,CRUGER AVENUE,10467,212,Bronx,24,0,24,3,8.0,40.8718796,-73.8664169
2056265,3230,CRUGER AVENUE,10467,212,Bronx,185,7,192,79,2.0,40.8723984,-73.8658371
2056279,768,SOUTH OAK DRIVE,10467,212,Bronx,18,0,18,3,6.0,40.8720093,-73.8644028
2056280,3209,WALLACE AVENUE,10467,212,Bronx,78,3,81,4,20.0,40.8718414,-73.8645401
2056378,780,BARTHOLDI STREET,10467,212,Bronx,18,0,18,3,6.0,40.8737297,-73.8637314
2056483,3214,BRONXWOOD AVENUE,10469,212,Bronx,11,0,11,3,4.0,40.8719215,-73.8610077
2056485,3226,BRONXWOOD AVENUE,10469,212,Bronx,71,0,71,17,4.0,40.8722801,-73.8609924
2057080,3311,COLDEN AVENUE,10469,212,Bronx,26,0,26,5,5.0,40.8735085,-73.8596497
2057346,3645,OLINVILLE AVENUE,10467,212,Bronx,12,0,12,3,4.0,40.8811302,-73.8669434
2057347,3643,OLINVILLE AVENUE,10467,212,Bronx,6,3,9,3,3.0,40.8810806,-73.8669586
2057478,644,EAST 219 STREET,10467,212,Bronx,34,0,34,7,5.0,40.8840218,-73.8649292
2057658,3857,WHITE PLAINS ROAD,10467,212,Bronx,36,0,36,7,5.0,40.8853302,-73.8621826
2057729,739,TILDEN STREET,10467,212,Bronx,23,0,23,3,8.0,40.8770485,-73.86306
2057745,3550,HOLLAND AVENUE,10467,212,Bronx,11,1,12,4,3.0,40.8781204,-73.8638763
2057751,3553,CARLISLE PLACE,10467,212,Bronx,9,0,9,3,3.0,40.878231,-73.8634491
2057766,764,EAST 213 STREET,10467,212,Bronx,11,0,11,3,4.0,40.8781586,-73.8624878
2057769,3535,BARNES AVENUE,10467,212,Bronx,11,12,23,3,8.0,40.8779907,-73.8619308
2057775,791,EAST 211 STREET,10467,212,Bronx,36,1,37,5,7.0,40.877739,-73.8621292
2057803,3602,HOLLAND AVENUE,10467,212,Bronx,22,2,24,3,8.0,40.878849,-73.863533
2057818,780,EAST  214 STREET,10467,212,Bronx,29,0,29,7,4.0,40.8789101,-73.8622284
2057834,741,EAST 213 STREET,10467,212,Bronx,16,0,16,3,5.0,40.8788605,-73.8632278
2057859,3642,HOLLAND AVENUE,10467,212,Bronx,41,0,41,12,3.0,40.8797493,-73.8631668
2057860,3644,HOLLAND AVENUE,10467,212,Bronx,36,4,40,12,3.0,40.8798103,-73.8631516
2057916,729,EAST 215 STREET,10467,212,Bronx,200,5,205,3,68.0,40.8804207,-73.8631973
2058037,755,EAST 218 STREET,10467,212,Bronx,14,0,14,4,4.0,40.8824196,-73.8610229
2058054,711,EAST 218 STREET,10467,212,Bronx,12,0,12,3,4.0,40.8828812,-73.8624573
2058149,738,EAST  221 STREET,10467,212,Bronx,24,0,24,3,8.0,40.8842506,-73.8604965
2058249,826,EAST 214 STREET,10467,212,Bronx,24,0,24,4,6.0,40.8787193,-73.860733
2058258,854,EAST  214 STREET,10467,212,Bronx,81,3,84,3,28.0,40.8783798,-73.8596573
2058261,3603,BRONXWOOD AVENUE,10469,212,Bronx,35,0,35,5,7.0,40.8779793,-73.8594666
2058364,844,EAST 216 STREET,10467,212,Bronx,31,0,31,3,10.0,40.8797989,-73.8595428
2058439,820,EAST  218 STREET,10467,212,Bronx,17,0,17,4,4.0,40.8814888,-73.8596268
2058557,870,EAST 220 STREET,10467,212,Bronx,17,0,17,4,4.0,40.8823013,-73.8570709
2058575,829,EAST 220 STREET,10467,212,Bronx,14,0,14,3,5.0,40.8832397,-73.8583832
2058602,864,EAST 221 STREET,10467,212,Bronx,54,2,56,7,8.0,40.88311,-73.8569183
2058637,836,EAST 222 STREET,10467,212,Bronx,16,0,16,3,5.0,40.8840904,-73.8575134
2058820,941,EAST  214 STREET,10469,212,Bronx,0,10,10,3,3.0,40.8780289,-73.8571472
2058922,914,EAST 217 STREET,10469,212,Bronx,39,0,39,4,10.0,40.8799591,-73.8574066
2059344,3620,PAULDING AVENUE,10469,212,Bronx,19,27,46,3,15.0,40.8773613,-73.8562393
2059520,1005,EAST 217 STREET,10469,212,Bronx,25,0,25,4,6.0,40.8796501,-73.8549881
2059949,1303,NEEDHAM AVENUE,10469,212,Bronx,14,2,16,5,3.0,40.878109,-73.8526306
2059954,1312,NEEDHAM AVENUE,10469,212,Bronx,14,0,14,3,5.0,40.8779182,-73.8520126
2059991,1443,OAKLEY STREET,10469,212,Bronx,9,1,10,3,3.0,40.879879,-73.8507385
2060182,1417,NEEDHAM AVENUE,10469,212,Bronx,32,0,32,3,11.0,40.8789711,-73.8508911
2060678,3355,SEYMOUR AVENUE,10469,212,Bronx,19,1,20,4,5.0,40.8756409,-73.8490524
2060719,3326,FISH AVENUE,10469,212,Bronx,19,0,19,3,6.0,40.874649,-73.8489227
2060747,3349,FENTON AVENUE,10469,212,Bronx,48,7,55,3,18.0,40.8754005,-73.847908
2061697,1352,BURKE AVENUE,10469,212,Bronx,10,0,10,3,3.0,40.8719101,-73.8473969
2062589,2962,WICKHAM AVENUE,10469,212,Bronx,41,7,48,3,16.0,40.8707619,-73.8378983
2062853,3972,BRONX BOULEVARD,10466,212,Bronx,41,0,41,5,8.0,40.8888817,-73.8639832
2062933,3939,WHITE PLAINS ROAD,10466,212,Bronx,18,0,18,3,6.0,40.8869095,-73.8613129
2062947,649,EAST 223 STREET,10466,212,Bronx,18,0,18,3,6.0,40.8871803,-73.8629532
2063036,662,EAST 226 STREET,10466,212,Bronx,29,1,30,3,10.0,40.8887215,-73.8615036
2063090,4036,LOWERRE PLACE,10466,212,Bronx,36,1,37,4,9.0,40.8897896,-73.86026
2063112,645,EAST 227 STREET,10466,212,Bronx,16,0,16,3,5.0,40.8900795,-73.8616333
2063151,645,EAST 228 STREET,10466,212,Bronx,44,0,44,5,9.0,40.8907394,-73.8610764
2063253,694,EAST 231 STREET,10466,212,Bronx,13,0,13,4,3.0,40.8919907,-73.8587112
2063314,721,EAST 222 STREET,10467,212,Bronx,46,0,46,5,9.0,40.8856697,-73.8607025
2063365,723,EAST 223 STREET,10466,212,Bronx,17,0,17,4,4.0,40.8863182,-73.8602371
2063398,753,EAST  224 STREET,10466,212,Bronx,51,0,51,7,7.0,40.8867111,-73.8588486
2063453,4009,BARNES AVENUE,10466,212,Bronx,12,0,12,3,4.0,40.8880005,-73.8572769
2063462,753,EAST 226 STREET,10466,212,Bronx,28,1,29,7,4.0,40.8881416,-73.8581314
2063465,737,EAST 226 STREET,10466,212,Bronx,61,0,61,4,15.0,40.8883018,-73.8586502
2063810,3942,BARNES AVENUE,10466,212,Bronx,24,0,24,7,3.0,40.8858414,-73.8578568
2064118,867,EAST  230 STREET,10466,212,Bronx,40,0,40,6,7.0,40.8898582,-73.8531113
2064172,869,EAST 231 STREET,10466,212,Bronx,18,0,18,5,4.0,40.8905602,-73.8527069
2064212,860,EAST 232 STREET,10466,212,Bronx,19,0,19,4,5.0,40.8909607,-73.8528671
2064245,806,EAST 233 STREET,10466,212,Bronx,11,0,11,3,4.0,40.8921204,-73.8543091
2092396,2407,VALENTINE AVENUE,10458,205,Bronx,29,0,29,9,3.0,40.8597984,-73.8972321
2093474,2753,TENBROECK AVENUE,10469,211,Bronx,18,0,18,3,6.0,40.8669891,-73.8531265
2093766,955,EAST  233 STREET,10466,212,Bronx,10,0,10,3,3.0,40.8912697,-73.8497772
2093770,662,EAST  236 STREET,10466,212,Bronx,30,0,30,3,10.0,40.8957901,-73.8575897
2096530,789,ST ANNS AVENUE,10456,201,Bronx,11,2,13,4,3.0,40.8203812,-73.9109421
2102263,1439,VYSE AVENUE,10459,203,Bronx,16,0,16,3,5.0,40.8313408,-73.8895264
2102267,1447,VYSE AVENUE,10459,203,Bronx,16,0,16,3,5.0,40.8315887,-73.8893738
2103148,2936,GRACE AVENUE,10469,212,Bronx,16,0,16,3,5.0,40.8712196,-73.8352432
2112732,412,EAST  187 STREET,10458,206,Bronx,21,0,21,3,7.0,40.8583488,-73.8935318
2113110,1103,FRANKLIN AVENUE,10456,203,Bronx,73,0,73,21,3.0,40.8278389,-73.9066162
2113173,2541A,GRAND AVENUE,10468,207,Bronx,11,7,18,3,6.0,40.8660202,-73.9011536
2114049,721,EAST  216 STREET,10467,212,Bronx,10,1,11,3,4.0,40.8813591,-73.8628998
2114195,875,CAULDWELL AVENUE,10456,203,Bronx,19,0,19,3,6.0,40.8221512,-73.9076538
2114200,1176,FOREST AVENUE,10456,203,Bronx,24,0,24,8,3.0,40.8289299,-73.901413
2114245,1372,PROSPECT AVENUE,10459,203,Bronx,5,21,26,3,9.0,40.830761,-73.8966217
2114362,3043B,WILSON AVENUE,10469,211,Bronx,10,0,10,3,3.0,40.8708687,-73.8492432
2115862,724,UNION AVENUE,10455,201,Bronx,53,0,53,3,18.0,40.8171005,-73.9034729
2115905,862,EAST  175 STREET,10460,206,Bronx,9,0,9,3,3.0,40.83992,-73.8889008
2115992,1960,DALY AVENUE,10460,206,Bronx,19,0,19,6,3.0,40.8420601,-73.8834915
2116150,2542,WHITE PLAINS ROAD,10467,211,Bronx,18,0,18,6,3.0,40.8644791,-73.8670273
3030846,947,ST MARK'S AVENUE,11213,308,Brooklyn,39,1,40,13,3.0,40.6749306,-73.9400711
3038604,2276,ATLANTIC AVENUE,11233,316,Brooklyn,23,0,23,3,8.0,40.6759911,-73.9100266
3066403,40A,JEWEL STREET,11222,301,Brooklyn,9,0,9,3,3.0,40.7267914,-73.9462433
3094284,1005,GLENMORE AVENUE,11208,305,Brooklyn,0,17,17,4,4.0,40.6767883,-73.8729172
3123739,1257,  36 STREET,11218,312,Brooklyn,86,0,86,6,14.0,40.6428108,-73.9849091
3126705,305,DITMAS AVENUE,11218,312,Brooklyn,68,1,69,3,23.0,40.6360207,-73.9757233
3217542,1495,EAST   46 STREET,11234,318,Brooklyn,59,28,87,8,11.0,40.624321,-73.9310226
3321435,1035,MANHATTAN AVENUE,11222,301,Brooklyn,27,0,27,6,5.0,40.734169,-73.9552383
3327450,5709,  13 AVENUE,11219,312,Brooklyn,9,0,9,3,3.0,40.6301193,-73.9968033
3327812,1476,CONEY ISLAND AVENUE,11230,312,Brooklyn,18,0,18,5,4.0,40.6216316,-73.9649429
3336214,800,ROGERS AVENUE,11226,317,Brooklyn,42,0,42,3,14.0,40.6512299,-73.9528275
3342269,120,GROVE STREET,11221,304,Brooklyn,116,0,116,16,7.0,40.6934509,-73.9201736
3344586,1499,EAST   46 STREET,11234,318,Brooklyn,80,11,91,8,11.0,40.624321,-73.9310226
3346691,614A,KOSCIUSKO STREET,11221,303,Brooklyn,10,0,10,3,3.0,40.6929703,-73.9289398
3348366,40,CHRISTOPHER AVENUE,11212,316,Brooklyn,60,2,62,4,16.0,40.6726685,-73.9068832
3348536,585,GRAND AVENUE,11238,308,Brooklyn,13,0,13,3,4.0,40.6775894,-73.9617691
3348539,593,GRAND AVENUE,11238,308,Brooklyn,11,0,11,3,4.0,40.6775894,-73.9617691
3348807,1064,VERMONT STREET,11207,305,Brooklyn,13,0,13,4,3.0,40.6539917,-73.8856125
3350169,325,SHEPHERD AVENUE,11208,305,Brooklyn,20,35,55,3,18.0,40.6771507,-73.8812637
3378488,1975,PACIFIC STREET,11233,308,Brooklyn,9,0,9,3,3.0,40.6764183,-73.9230728
3388271,127,BLAKE AVENUE,11212,316,Brooklyn,88,1,89,4,22.0,40.6649704,-73.9149704
3388274,580,NEW JERSEY AVENUE,11207,305,Brooklyn,17,0,17,3,6.0,40.6651001,-73.8933334
3388416,870,KNICKERBOCKER AVENUE,11207,304,Brooklyn,35,1,36,3,12.0,40.6912498,-73.9053574
3389001,554,  60 STREET,11220,307,Brooklyn,15,0,15,4,4.0,40.6384583,-74.0149765
3389513,2767,ATLANTIC AVENUE,11207,305,Brooklyn,14,2,16,3,5.0,40.6765404,-73.892067
3389656,108,EAST   28 STREET,11226,317,Brooklyn,8,1,9,3,3.0,40.6465683,-73.9512177
3389884,139,ALBANY AVENUE,11213,308,Brooklyn,37,0,37,3,12.0,40.67593,-73.9385071
3389996,173,HULL STREET,11233,316,Brooklyn,15,0,15,3,5.0,40.6798706,-73.9100037
3390058,197,CHAUNCEY STREET,11233,303,Brooklyn,9,0,9,3,3.0,40.6808815,-73.9271164
3390060,108,MARION STREET,11233,303,Brooklyn,35,0,35,3,12.0,40.67976,-73.9265213
3390372,125,ELDERT STREET,11207,304,Brooklyn,14,1,15,3,5.0,40.6885605,-73.9115906
3390386,1072,DECATUR STREET,11207,304,Brooklyn,11,0,11,3,4.0,40.6861801,-73.9097366
3390390,73,COOPER STREET,11207,304,Brooklyn,19,1,20,3,7.0,40.6857109,-73.909729
3390701,2405,ALBEMARLE ROAD,11226,317,Brooklyn,25,0,25,3,8.0,40.6481781,-73.9547119
3392773,427,HERKIMER STREET,11213,303,Brooklyn,46,0,46,3,15.0,40.6792908,-73.9392166
3393226,1355,DECATUR STREET,11237,304,Brooklyn,28,2,30,3,10.0,40.6922493,-73.90448
3393268,323,HOPKINSON AVENUE,11233,316,Brooklyn,9,0,9,3,3.0,40.6733513,-73.9136963
3393313,2037,STRAUSS STREET,11212,316,Brooklyn,57,0,57,3,19.0,40.6641998,-73.9148712
4048548,40-15, 102 STREET,11368,404,Queens,34,0,34,6,6.0,40.7493515,-73.8636932
4082462,17-14,LINDEN STREET,11385,405,Queens,33,0,33,6,6.0,40.7028809,-73.9096298
4083113,878,WOODWARD AVENUE,11385,405,Queens,57,0,57,6,10.0,40.7023201,-73.9017868
4083353,813,WOODWARD AVENUE,11385,405,Queens,11,0,11,3,4.0,40.7034416,-73.9027481
4083473,6-79,GRANDVIEW AVENUE,11385,405,Queens,10,0,10,3,3.0,40.7074509,-73.9035873
4232788,99-04 A, 212 STREET,11429,413,Queens,43,0,43,5,9.0,40.7141495,-73.7470322
4314836,160-10,  75 ROAD,11366,408,Queens,28,2,30,4,8.0,40.7258911,-73.8079605
4314837,160-28,  75 ROAD,11366,408,Queens,47,0,47,4,12.0,40.7259407,-73.8075714
4462811,37-37,  69 STREET,11377,402,Queens,26,0,26,3,9.0,40.7473793,-73.8963089
4535517,32-16, 112 PLACE,11369,403,Queens,9,0,9,3,3.0,40.7587891,-73.8573074
4535526,103-05,  35 AVENUE,11368,403,Queens,9,0,9,3,3.0,40.7549019,-73.8649063
4618574,95-52, 112 STREET,11419,409,Queens,18,0,18,3,6.0,40.6893196,-73.8326569
